Chrom_Ans	Position_Ans	RSID_Ans	Reference_Ans	Alternate_Ans	NAGLU Data_Ans	Consequence_Ans	Protein Consequence_Ans	Transcript Consequence_Ans	Region Annotation_Ans	Allele Frequency_Ans
17	40688337	.	C	T	A16V	p.Ala16Val	p.Ala16Val	c.47C>T	missense	0.01351
17	40688640	.	T	C	V117A	p.Val117Ala	p.Val117Ala	c.350T>C	missense	0.0001234
17	40688642	.	C	T	P118S	p.Pro118Ser	p.Pro118Ser	c.352C>T	missense	0.0001232
17	40689424	.	A	C	Y131S	p.Tyr131Ser	p.Tyr131Ser	c.392A>C	missense	0.000008248
17	40689436	.	T	G	V135G	p.Val135Gly	p.Val135Gly	c.404T>G	missense	0.00001649
17	40689442	.	C	T	T137M	p.Thr137Met	p.Thr137Met	c.410C>T	missense	0.00002474
17	40689453	rs61737294	T	A	S141T	p.Ser141Thr	p.Ser141Thr	c.421T>A	missense	0.006348
17	40689487	rs141018386	G	A	R152Q	p.Arg152Gln	p.Arg152Gln	c.455G>A	missense	0.0000165
17	40689493	.	T	C	I154T	p.Ile154Thr	p.Ile154Thr	c.461T>C	missense	0.000008252
17	40689504	.	G	T	A158S	p.Ala158Ser	p.Ala158Ser	c.472G>T	missense	0.000008256
17	40689538	.	G	A	S169N	p.Ser169Asn	p.Ser169Asn	c.506G>A	missense	0.000008283
17	40690367	rs149859697	C	A	A181D	p.Ala181Asp	p.Ala181Asp	c.542C>A	missense	0.00004951
17	40690373	.	G	C	G183A	p.Gly183Ala	p.Gly183Ala	c.548G>C	missense	0.000008252
17	40690394	.	A	G	N190S	p.Asn190Ser	p.Asn190Ser	c.569A>G	missense	0.00002475
17	40690401	.	C	A	F192L	p.Phe192Leu	p.Phe192Leu	c.576C>A	missense	0.00002476
17	40690418	.	T	A	F198Y	p.Phe198Tyr	p.Phe198Tyr	c.593T>A	missense	0.00009084
17	40690429	.	G	A	G202R	p.Gly202Arg	p.Gly202Arg	c.604G>A	missense	0.000008264
17	40690437	.	G	T	M204I	p.Met204Ile	p.Met204Ile	c.612G>T	missense	0.000008267
17	40690456	rs145452809	G	A	D211N	p.Asp211Asn	p.Asp211Asn	c.631G>A	missense	0.00009952
17	40690471	.	C	T	P216S	p.Pro216Ser	p.Pro216Ser	c.646C>T	missense	0.00001664
17	40690472	.	C	G	P216R	p.Pro216Arg	p.Pro216Arg	c.647C>G	missense	0.000008321
17	40690489	.	C	G	Q222E	p.Gln222Glu	p.Gln222Glu	c.664C>G	missense	0.000008354
17	40690496	.	A	G	Y224C	p.Tyr224Cys	p.Tyr224Cys	c.671A>G	missense	0.000008389
17	40690691	.	C	T	R228W	p.Arg228Trp	p.Arg228Trp	c.682C>T	missense	0.000008318
17	40690692	rs146456266	G	A	R228Q	p.Arg228Gln	p.Arg228Gln	c.683G>A	missense	0.00003327
17	40690719	.	G	A	G237D	p.Gly237Asp	p.Gly237Asp	c.710G>A	missense	0.00000833
17	40690736	.	C	T	P243S	p.Pro243Ser	p.Pro243Ser	c.727C>T	missense	0.000008345
17	40690739	.	G	A	A244T	p.Ala244Thr	p.Ala244Thr	c.730G>A	missense	0.000008349
17	40690760	.	G	A	E251K	p.Glu251Lys	p.Glu251Lys	c.751G>A	missense	0.000008383
17	40690766	.	G	A	V253I	p.Val253Ile	p.Val253Ile	c.757G>A	missense	0.0000168
17	40690770	.	C	T	T254I	p.Thr254Ile	p.Thr254Ile	c.761C>T	missense	0.000008407
17	40692981	.	G	A	V260I	p.Val260Ile	p.Val260Ile	c.778G>A	missense	0.000008237
17	40692985	.	A	G	N261S	p.Asn261Ser	p.Asn261Ser	c.782A>G	missense	0.00003295
17	40692991	.	C	T	T263M	p.Thr263Met	p.Thr263Met	c.788C>T	missense	0.00003295
17	40693009	.	G	A	G269D	p.Gly269Asp	p.Gly269Asp	c.806G>A	missense	0.000008237
17	40693020	.	T	C	C273R	p.Cys273Arg	p.Cys273Arg	c.817T>C	missense	0.00001647
17	40693030	.	C	T	S276F	p.Ser276Phe	p.Ser276Phe	c.827C>T	missense	0.000008237
17	40693045	.	T	C	L281P	p.Leu281Pro	p.Leu281Pro	c.842T>C	missense	0.000008236
17	40693051	.	C	T	P283L	p.Pro283Leu	p.Pro283Leu	c.848C>T	missense	0.000008236
17	40693071	.	A	G	I290V	p.Ile290Val	p.Ile290Val	c.868A>G	missense	0.000008237
17	40693074	.	A	C	I291L	p.Ile291Leu	p.Ile291Leu	c.871A>C	missense	0.00009884
17	40693083	.	C	T	L294F	p.Leu294Phe	p.Leu294Phe	c.880C>T	missense	0.00002471
17	40693093	.	G	A	R297Q	p.Arg297Gln	p.Arg297Gln	c.890G>A	missense	0.00002471
17	40693102	.	T	C	I300T	p.Ile300Thr	p.Ile300Thr	c.899T>C	missense	0.00002471
17	40693120	.	A	G	D306G	p.Asp306Gly	p.Asp306Gly	c.917A>G	missense	0.000008239
17	40693126	.	T	C	I308T	p.Ile308Thr	p.Ile308Thr	c.923T>C	missense	0.000008239
17	40693132	.	G	T	G310V	p.Gly310Val	p.Gly310Val	c.929G>T	missense	0.000008239
17	40693132	.	G	C	G310A	p.Gly310Ala	p.Gly310Ala	c.929G>C	missense	0.000008239
17	40693168	.	C	T	S322L	p.Ser322Leu	p.Ser322Leu	c.965C>T	missense	0.000008247
17	40693182	.	C	T	L327F	p.Leu327Phe	p.Leu327Phe	c.979C>T	missense	0.000008258
17	40693188	.	G	A	A329T	p.Ala329Thr	p.Ala329Thr	c.985G>A	missense	0.000008264
17	40693198	.	C	T	T332I	p.Thr332Ile	p.Thr332Ile	c.995C>T	missense	0.000008267
17	40693203	.	G	A	V334I	p.Val334Ile	p.Val334Ile	c.1000G>A	missense	0.000008271
17	40693217	.	G	A	M338I	p.Met338Ile	p.Met338Ile	c.1014G>A	missense	0.00000828
17	40693218	.	A	C	T339P	p.Thr339Pro	p.Thr339Pro	c.1015A>C	missense	0.000008282
17	40693221	.	G	A	A340T	p.Ala340Thr	p.Ala340Thr	c.1018G>A	missense	0.000008284
17	40695069	.	C	T	L349F	p.Leu349Phe	p.Leu349Phe	c.1045C>T	missense	0.000008636
17	40695076	.	G	C	G351A	p.Gly351Ala	p.Gly351Ala	c.1052G>C	missense	0.000008626
17	40695085	.	T	C	F354S	p.Phe354Ser	p.Phe354Ser	c.1061T>C	missense	0.00001724
17	40695087	.	C	A	Q355K	p.Gln355Lys	p.Gln355Lys	c.1063C>A	missense	0.00002588
17	40695106	.	G	C	W361S	p.Trp361Ser	p.Trp361Ser	c.1082G>C	missense	0.000008525
17	40695122	.	C	G	I366M	p.Ile366Met	p.Ile366Met	c.1098C>G	missense	0.000008479
17	40695129	.	G	T	V369L	p.Val369Leu	p.Val369Leu	c.1105G>T	missense	0.000008455
17	40695144	.	C	T	P374S	p.Pro374Ser	p.Pro374Ser	c.1120C>T	missense	0.000008412
17	40695147	.	C	T	R375C	p.Arg375Cys	p.Arg375Cys	c.1123C>T	missense	0.000008408
17	40695148	.	G	A	R375H	p.Arg375His	p.Arg375His	c.1124G>A	missense	0.0000252
17	40695153	.	C	T	R377C	p.Arg377Cys	p.Arg377Cys	c.1129C>T	missense	0.00000838
17	40695154	.	G	A	R377H	p.Arg377His	p.Arg377His	c.1130G>A	missense	0.00002513
17	40695178	.	C	T	A385V	p.Ala385Val	p.Ala385Val	c.1154C>T	missense	0.000008317
17	40695180	.	G	A	E386K	p.Glu386Lys	p.Glu386Lys	c.1156G>A	missense	0.000008314
17	40695202	.	G	A	R393H	p.Arg393His	p.Arg393His	c.1178G>A	missense	0.000008286
17	40695216	.	C	A	Q398K	p.Gln398Lys	p.Gln398Lys	c.1192C>A	missense	0.00008279
17	40695220	.	G	T	G399V	p.Gly399Val	p.Gly399Val	c.1196G>T	missense	0.000008276
17	40695236	.	G	C	W404C	p.Trp404Cys	p.Trp404Cys	c.1212G>C	missense	0.00002482
17	40695246	.	C	T	H408Y	p.His408Tyr	p.His408Tyr	c.1222C>T	missense	0.00001655
17	40695285	.	G	A	E421K	p.Glu421Lys	p.Glu421Lys	c.1261G>A	missense	0.000008296
17	40695301	.	G	C	G426A	p.Gly426Ala	p.Gly426Ala	c.1277G>C	missense	0.000008316
17	40695315	.	C	T	R431C	p.Arg431Cys	p.Arg431Cys	c.1291C>T	missense	0.000008342
17	40695328	.	A	C	N435T	p.Asn435Thr	p.Asn435Thr	c.1304A>C	missense	0.000008378
17	40695334	.	C	G	T437S	p.Thr437Ser	p.Thr437Ser	c.1310C>G	missense	0.00006745
17	40695346	rs138695961	C	T	T441M	p.Thr441Met	p.Thr441Met	c.1322C>T	missense	0.0002154
17	40695355	.	C	T	A444V	p.Ala444Val	p.Ala444Val	c.1331C>T	missense	0.00006232
17	40695355	.	C	A	A444D	p.Ala444Asp	p.Ala444Asp	c.1331C>A	missense	0.000008902
17	40695357	.	C	T	P445S	p.Pro445Ser	p.Pro445Ser	c.1333C>T	missense	0.00001783
17	40695370	rs114605439	G	A	S449N	p.Ser449Asn	p.Ser449Asn	c.1346G>A	missense	0.0003209
17	40695384	.	G	T	V454F	p.Val454Phe	p.Val454Phe	c.1360G>T	missense	0.000009952
17	40695388	.	A	C	Y455S	p.Tyr455Ser	p.Tyr455Ser	c.1364A>C	missense	0.00001012
17	40695391	.	C	T	S456F	p.Ser456Phe	p.Ser456Phe	c.1367C>T	missense	0.00001027
17	40695408	.	G	C	G462R	p.Gly462Arg	p.Gly462Arg	c.1384G>C	missense	0.00001117
17	40695415	.	G	A	R464Q	p.Arg464Gln	p.Arg464Gln	c.1391G>A	missense	0.0001508
17	40695454	.	G	C	S477T	p.Ser477Thr	p.Ser477Thr	c.1430G>C	missense	0.00006523
17	40695459	.	G	A	A479T	p.Ala479Thr	p.Ala479Thr	c.1435G>A	missense	0.00007987
17	40695462	rs147293270	G	A	A480T	p.Ala480Thr	p.Ala480Thr	c.1438G>A	missense	0.001086
17	40695465	.	C	T	R481W	p.Arg481Trp	p.Arg481Trp	c.1441C>T	missense	0.00001338
17	40695487	.	C	T	P488L	p.Pro488Leu	p.Pro488Leu	c.1463C>T	missense	0.00001336
17	40695492	.	G	A	A490T	p.Ala490Thr	p.Ala490Thr	c.1468G>A	missense	0.00001326
17	40695496	.	G	C	G491A	p.Gly491Ala	p.Gly491Ala	c.1472G>C	missense	0.00001313
17	40695502	.	C	T	A493V	p.Ala493Val	p.Ala493Val	c.1478C>T	missense	0.00002611
17	40695511	.	T	C	L496P	p.Leu496Pro	p.Leu496Pro	c.1487T>C	missense	0.00003841
17	40695519	.	C	T	R499W	p.Arg499Trp	p.Arg499Trp	c.1495C>T	missense	0.00006336
17	40695520	.	G	A	R499Q	p.Arg499Gln	p.Arg499Gln	c.1496G>A	missense	0.00003785
17	40695532	.	A	G	N503S	p.Asn503Ser	p.Asn503Ser	c.1508A>G	missense	0.00001221
17	40695541	.	G	A	G506E	p.Gly506Glu	p.Gly506Glu	c.1517G>A	missense	0.00002377
17	40695550	.	G	A	C509Y	p.Cys509Tyr	p.Cys509Tyr	c.1526G>A	missense	0.0000115
17	40695562	.	A	G	N513S	p.Asn513Ser	p.Asn513Ser	c.1538A>G	missense	0.00001098
17	40695564	.	C	T	R514C	p.Arg514Cys	p.Arg514Cys	c.1540C>T	missense	0.00002187
17	40695565	.	G	A	R514H	p.Arg514His	p.Arg514His	c.1541G>A	missense	0.00006521
17	40695589	.	C	T	S522F	p.Ser522Phe	p.Ser522Phe	c.1565C>T	missense	0.000009353
17	40695595	.	A	G	Q524R	p.Gln524Arg	p.Gln524Arg	c.1571A>G	missense	0.00002734
17	40695622	.	G	A	R533Q	p.Arg533Gln	p.Arg533Gln	c.1598G>A	missense	0.000008755
17	40695630	.	G	A	V536M	p.Val536Met	p.Val536Met	c.1606G>A	missense	0.000008715
17	40695646	.	G	A	R541Q	p.Arg541Gln	p.Arg541Gln	c.1622G>A	missense	0.000008719
17	40695649	.	T	C	L542P	p.Leu542Pro	p.Leu542Pro	c.1625T>C	missense	0.000008722
17	40695649	.	T	G	L542R	p.Leu542Arg	p.Leu542Arg	c.1625T>G	missense	0.000008722
17	40695663	.	G	A	A547T	p.Ala547Thr	p.Ala547Thr	c.1639G>A	missense	0.000008752
17	40695687	.	G	A	A555T	p.Ala555Thr	p.Ala555Thr	c.1663G>A	missense	0.000139
17	40695693	.	C	T	R557C	p.Arg557Cys	p.Arg557Cys	c.1669C>T	missense	0.000008676
17	40695694	.	G	T	R557L	p.Arg557Leu	p.Arg557Leu	c.1670G>T	missense	0.00001735
17	40695699	.	G	C	D559H	p.Asp559His	p.Asp559His	c.1675G>C	missense	0.000008672
17	40695699	.	G	A	D559N	p.Asp559Asn	p.Asp559Asn	c.1675G>A	missense	0.00001734
17	40695712	.	T	A	L563H	p.Leu563His	p.Leu563His	c.1688T>A	missense	0.00001735
17	40695727	.	T	G	V568G	p.Val568Gly	p.Val568Gly	c.1703T>G	missense	0.00006096
17	40695741	.	A	G	S573G	p.Ser573Gly	p.Ser573Gly	c.1717A>G	missense	0.00001753
17	40695748	.	A	G	Y575C	p.Tyr575Cys	p.Tyr575Cys	c.1724A>G	missense	0.000008834
17	40695807	.	G	A	G595R	p.Gly595Arg	p.Gly595Arg	c.1783G>A	missense	0.00003204
17	40695810	.	G	T	G596C	p.Gly596Cys	p.Gly596Cys	c.1786G>T	missense	0.00001085
17	40695813	rs143303303	G	A	V597I	p.Val597Ile	p.Val597Ile	c.1789G>A	missense	0.00009916
17	40695813	rs143303303	G	C	V597L	p.Val597Leu	p.Val597Leu	c.1789G>C	missense	0.00001102
17	40695846	.	G	A	E608K	p.Glu608Lys	p.Glu608Lys	c.1822G>A	missense	0.00001283
17	40695867	.	C	T	R615C	p.Arg615Cys	p.Arg615Cys	c.1843C>T	missense	0.00009734
17	40695882	.	A	G	S620G	p.Ser620Gly	p.Ser620Gly	c.1858A>G	missense	0.00001381
17	40695900	rs104894591	C	G	R626G	p.Arg626Gly	p.Arg626Gly	c.1876C>G	missense	0.00001368
17	40695901	.	G	A	R626Q	p.Arg626Gln	p.Arg626Gln	c.1877G>A	missense	0.00006808
17	40695904	rs140905880	C	T	A627V	p.Ala627Val	p.Ala627Val	c.1880C>T	missense	0.00005435
17	40695907	.	C	T	A628V	p.Ala628Val	p.Ala628Val	c.1883C>T	missense	0.00002709
17	40695912	.	G	A	V630I	p.Val630Ile	p.Val630Ile	c.1888G>A	missense	0.00001334
17	40695913	.	T	G	V630G	p.Val630Gly	p.Val630Gly	c.1889T>G	missense	0.0000667
17	40695922	rs74729489	C	G	A633G	p.Ala633Gly	p.Ala633Gly	c.1898C>G	missense	0.00001327
17	40695930	.	G	A	D636N	p.Asp636Asn	p.Asp636Asn	c.1906G>A	missense	0.00006555
17	40695943	.	A	G	Q640R	p.Gln640Arg	p.Gln640Arg	c.1919A>G	missense	0.00001276
17	40695958	.	A	C	Q645P	p.Gln645Pro	p.Gln645Pro	c.1934A>C	missense	0.00001193
17	40695970	.	G	C	W649S	p.Trp649Ser	p.Trp649Ser	c.1946G>C	missense	0.00001166
17	40696041	.	C	T	P673S	p.Pro673Ser	p.Pro673Ser	c.2017C>T	missense	0.00001028
17	40696050	.	C	T	R676W	p.Arg676Trp	p.Arg676Trp	c.2026C>T	missense	0.00001004
17	40696066	.	C	T	A681V	p.Ala681Val	p.Ala681Val	c.2042C>T	missense	0.000009461
17	40696081	.	T	C	V686A	p.Val686Ala	p.Val686Ala	c.2057T>C	missense	0.000008902
17	40696087	.	A	G	Q688R	p.Gln688Arg	p.Gln688Arg	c.2063A>G	missense	0.000008762
17	40696107	rs146582131	C	T	H695Y	p.His695Tyr	p.His695Tyr	c.2083C>T	missense	0.000008466
17	40696133	.	A	C	Q703H	p.Gln703His	p.Gln703His	c.2109A>C	missense	0.000008308
17	40696149	.	G	A	V709I	p.Val709Ile	p.Val709Ile	c.2125G>A	missense	0.00008281
17	40696152	.	C	G	L710V	p.Leu710Val	p.Leu710Val	c.2128C>G	missense	0.000008277
17	40696165	.	G	T	R714M	p.Arg714Met	p.Arg714Met	c.2141G>T	missense	0.000008273
17	40696178	.	G	C	Q718H	p.Gln718His	p.Gln718His	c.2154G>C	missense	0.000008275
17	40696183	.	G	A	R720Q	p.Arg720Gln	p.Arg720Gln	c.2159G>A	missense	0.00001655
17	40696188	.	G	A	D722N	p.Asp722Asn	p.Asp722Asn	c.2164G>A	missense	0.0001987
17	40696209	rs144807822	A	C	K729Q	p.Lys729Gln	p.Lys729Gln	c.2185A>C	missense	0.00005803
17	40696210	.	A	G	K729R	p.Lys729Arg	p.Lys729Arg	c.2186A>G	missense	0.00000829
17	40696215	.	T	G	F731V	p.Phe731Val	p.Phe731Val	c.2191T>G	missense	0.00001659
17	40696231	.	C	T	P736L	p.Pro736Leu	p.Pro736Leu	c.2207C>T	missense	0.000008311
17	40696233	rs86312	C	A	R737S	p.Arg737Ser	p.Arg737Ser	c.2209C>A	missense	0.01924
17	40696233	rs86312	C	G	R737G	p.Arg737Gly	p.Arg737Gly	c.2209C>G	missense	0.9055
17	40696233	rs86312	C	T	R737C	p.Arg737Cys	p.Arg737Cys	c.2209C>T	missense	0.000008309
17	40696234	.	G	A	R737H	p.Arg737His	p.Arg737His	c.2210G>A	missense	0.000008432
17	40696242	.	G	C	A740P	p.Ala740Pro	p.Ala740Pro	c.2218G>C	missense	0.00005927
17	40696245	.	G	A	G741S	p.Gly741Ser	p.Gly741Ser	c.2221G>A	missense	0.00002543