#Uploaded_variation	Location	Allele	Consequence	IMPACT	SYMBOL	Gene	cDNA_position	CDS_position	Protein_position	Amino_acids	Codons	Existing_variation	SIFT	PolyPhen	ExAC_AF	ExAC_Adj_AF	LoFtool	Condel
.	17:40688337-40688337	T	missense_variant	MODERATE	NAGLU	ENSG00000108784	148	47	16	A/V	gCc/gTc	rs575956298	tolerated(0.39)	unknown(0)	2.05E-04	0.01351	0.159	-
.	17:40688640-40688640	C	missense_variant	MODERATE	NAGLU	ENSG00000108784	451	350	117	V/A	gTg/gCg	rs746682180	deleterious(0)	possibly_damaging(0.595)	1.14E-05	0.0001234	0.159	deleterious(0.650)
.	17:40688642-40688642	T	missense_variant	MODERATE	NAGLU	ENSG00000108784	453	352	118	P/S	Ccg/Tcg	rs770435689	tolerated(0.6)	benign(0.004)	1.14E-05	0.0001232	0.159	neutral(0.004)
.	17:40688642-40688642	T	missense_variant	MODERATE	NAGLU	ENSG00000108784	102	104	35	A/V	gCc/gTc	rs770435689	deleterious_low_confidence(0)	unknown(0)	1.14E-05	0.0001232	0.159	-
.	17:40688642-40688642	T	missense_variant	MODERATE	NAGLU	ENSG00000108784	95	95	32	A/V	gCc/gTc	rs770435689	deleterious_low_confidence(0)	unknown(0)	1.14E-05	0.0001232	0.159	-
.	17:40689424-40689424	C	missense_variant	MODERATE	NAGLU	ENSG00000108784	493	392	131	Y/S	tAt/tCt	rs762337946	deleterious(0)	probably_damaging(0.998)	8.24E-06	8.25E-06	0.159	deleterious(0.919)
.	17:40689424-40689424	C	missense_variant	MODERATE	NAGLU	ENSG00000108784	469	80	27	Y/S	tAt/tCt	rs762337946	deleterious(0.01)	probably_damaging(0.996)	8.24E-06	8.25E-06	0.159	deleterious(0.867)
.	17:40689436-40689436	G	missense_variant	MODERATE	NAGLU	ENSG00000108784	505	404	135	V/G	gTg/gGg	rs767776236,COSM2155887	deleterious(0.01)	benign(0.35)	1.65E-05	1.65E-05	0.159	deleterious(0.517)
.	17:40689436-40689436	G	missense_variant	MODERATE	NAGLU	ENSG00000108784	481	92	31	V/G	gTg/gGg	rs767776236,COSM2155887	deleterious(0)	benign(0.35)	1.65E-05	1.65E-05	0.159	deleterious(0.555)
.	17:40689442-40689442	T	missense_variant	MODERATE	NAGLU	ENSG00000108784	511	410	137	T/M	aCg/aTg	rs534663244,CD053586	deleterious(0)	probably_damaging(0.998)	2.47E-05	2.47E-05	0.159	deleterious(0.919)
.	17:40689442-40689442	T	missense_variant	MODERATE	NAGLU	ENSG00000108784	487	98	33	T/M	aCg/aTg	rs534663244,CD053586	deleterious(0)	probably_damaging(0.998)	2.47E-05	2.47E-05	0.159	deleterious(0.919)
rs61737294	17:40689453-40689453	A	missense_variant	MODERATE	NAGLU	ENSG00000108784	522	421	141	S/T	Tct/Act	rs61737294	tolerated(0.07)	probably_damaging(0.951)	6.34E-03	0.006348	0.159	deleterious(0.713)
rs61737294	17:40689453-40689453	A	missense_variant	MODERATE	NAGLU	ENSG00000108784	498	109	37	S/T	Tct/Act	rs61737294	tolerated(0.38)	probably_damaging(0.993)	6.34E-03	0.006348	0.159	neutral(0.468)
rs141018386	17:40689487-40689487	A	missense_variant	MODERATE	NAGLU	ENSG00000108784	556	455	152	R/Q	cGa/cAa	rs141018386	tolerated(0.41)	benign(0.037)	1.65E-05	1.65E-05	0.159	neutral(0.017)
rs141018386	17:40689487-40689487	A	missense_variant	MODERATE	NAGLU	ENSG00000108784	532	143	48	R/Q	cGa/cAa	rs141018386	tolerated(0.39)	benign(0.037)	1.65E-05	1.65E-05	0.159	neutral(0.018)
.	17:40689493-40689493	C	missense_variant	MODERATE	NAGLU	ENSG00000108784	562	461	154	I/T	aTa/aCa	rs770684838,CM023434	deleterious(0.01)	probably_damaging(0.986)	8.24E-06	8.25E-06	0.159	deleterious(0.840)
.	17:40689493-40689493	C	missense_variant	MODERATE	NAGLU	ENSG00000108784	538	149	50	I/T	aTa/aCa	rs770684838,CM023434	deleterious(0.01)	probably_damaging(0.976)	8.24E-06	8.25E-06	0.159	deleterious(0.824)
.	17:40689504-40689504	T	missense_variant	MODERATE	NAGLU	ENSG00000108784	573	472	158	A/S	Gcg/Tcg	rs542076832	deleterious(0)	probably_damaging(0.96)	8.24E-06	8.26E-06	0.159	deleterious(0.848)
.	17:40689504-40689504	T	missense_variant	MODERATE	NAGLU	ENSG00000108784	549	160	54	A/S	Gcg/Tcg	rs542076832	deleterious(0.03)	probably_damaging(0.96)	8.24E-06	8.26E-06	0.159	deleterious(0.768)
.	17:40689538-40689538	A	missense_variant	MODERATE	NAGLU	ENSG00000108784	607	506	169	S/N	aGc/aAc	rs774419495	tolerated(0.29)	benign(0.013)	8.24E-06	8.28E-06	0.159	neutral(0.030)
.	17:40689538-40689538	A	missense_variant	MODERATE	NAGLU	ENSG00000108784	583	194	65	S/N	aGc/aAc	rs774419495	tolerated(0.08)	benign(0.013)	8.24E-06	8.28E-06	0.159	neutral(0.300)
rs149859697	17:40690367-40690367	A	missense_variant	MODERATE	NAGLU	ENSG00000108784	643	542	181	A/D	gCc/gAc	rs149859697	tolerated(0.65)	benign(0.371)	4.94E-05	4.95E-05	0.159	neutral(0.121)
rs149859697	17:40690367-40690367	A	missense_variant	MODERATE	NAGLU	ENSG00000108784	144	146	49	A/D	gCc/gAc	rs149859697	tolerated(0.34)	benign(0.064)	4.94E-05	4.95E-05	0.159	neutral(0.027)
rs149859697	17:40690367-40690367	A	missense_variant	MODERATE	NAGLU	ENSG00000108784	619	230	77	A/D	gCc/gAc	rs149859697	tolerated(0.19)	benign(0.371)	4.94E-05	4.95E-05	0.159	neutral(0.167)
rs149859697	17:40690367-40690367	A	missense_variant	MODERATE	NAGLU	ENSG00000108784	137	137	46	A/D	gCc/gAc	rs149859697	tolerated(0.3)	benign(0.07)	4.94E-05	4.95E-05	0.159	neutral(0.034)
.	17:40690373-40690373	C	missense_variant	MODERATE	NAGLU	ENSG00000108784	649	548	183	G/A	gGc/gCc	rs541061018	deleterious(0.01)	probably_damaging(0.936)	8.24E-06	8.25E-06	0.159	deleterious(0.787)
.	17:40690373-40690373	C	missense_variant	MODERATE	NAGLU	ENSG00000108784	150	152	51	G/A	gGc/gCc	rs541061018	deleterious(0)	probably_damaging(0.996)	8.24E-06	8.25E-06	0.159	deleterious(0.906)
.	17:40690373-40690373	C	missense_variant	MODERATE	NAGLU	ENSG00000108784	625	236	79	G/A	gGc/gCc	rs541061018	deleterious(0)	probably_damaging(0.936)	8.24E-06	8.25E-06	0.159	deleterious(0.826)
.	17:40690373-40690373	C	missense_variant	MODERATE	NAGLU	ENSG00000108784	143	143	48	G/A	gGc/gCc	rs541061018	deleterious(0)	probably_damaging(0.998)	8.24E-06	8.25E-06	0.159	deleterious(0.919)
.	17:40690394-40690394	G	missense_variant	MODERATE	NAGLU	ENSG00000108784	670	569	190	N/S	aAt/aGt	rs375458666	deleterious(0.03)	benign(0.065)	2.47E-05	2.48E-05	0.159	neutral(0.369)
.	17:40690394-40690394	G	missense_variant	MODERATE	NAGLU	ENSG00000108784	171	173	58	N/S	aAt/aGt	rs375458666	tolerated(0.19)	benign(0.061)	2.47E-05	2.48E-05	0.159	neutral(0.054)
.	17:40690394-40690394	G	missense_variant	MODERATE	NAGLU	ENSG00000108784	164	164	55	N/S	aAt/aGt	rs375458666	tolerated(0.2)	benign(0.064)	2.47E-05	2.48E-05	0.159	neutral(0.053)
.	17:40690401-40690401	A	missense_variant	MODERATE	NAGLU	ENSG00000108784	677	576	192	F/L	ttC/ttA	rs765009822,COSM979513	tolerated(0.09)	benign(0.098)	2.47E-05	2.48E-05	0.159	neutral(0.304)
.	17:40690401-40690401	A	missense_variant	MODERATE	NAGLU	ENSG00000108784	178	180	60	F/L	ttC/ttA	rs765009822,COSM979513	deleterious(0.02)	possibly_damaging(0.743)	2.47E-05	2.48E-05	0.159	deleterious(0.655)
.	17:40690401-40690401	A	missense_variant	MODERATE	NAGLU	ENSG00000108784	171	171	57	F/L	ttC/ttA	rs765009822,COSM979513	deleterious(0.02)	possibly_damaging(0.511)	2.47E-05	2.48E-05	0.159	deleterious(0.554)
.	17:40690418-40690418	A	missense_variant	MODERATE	NAGLU	ENSG00000108784	694	593	198	F/Y	tTc/tAc	rs752264680	deleterious(0.01)	probably_damaging(0.958)	9.06E-05	9.08E-05	0.159	deleterious(0.807)
.	17:40690418-40690418	A	missense_variant	MODERATE	NAGLU	ENSG00000108784	195	197	66	F/Y	tTc/tAc	rs752264680	tolerated(0.18)	possibly_damaging(0.54)	9.06E-05	9.08E-05	0.159	neutral(0.239)
.	17:40690418-40690418	A	missense_variant	MODERATE	NAGLU	ENSG00000108784	188	188	63	F/Y	tTc/tAc	rs752264680	tolerated(0.15)	benign(0.421)	9.06E-05	9.08E-05	0.159	neutral(0.378)
.	17:40690429-40690429	A	missense_variant	MODERATE	NAGLU	ENSG00000108784	705	604	202	G/R	Ggg/Agg	rs762576999	tolerated(0.42)	possibly_damaging(0.493)	8.24E-06	8.26E-06	0.159	neutral(0.179)
.	17:40690429-40690429	A	missense_variant	MODERATE	NAGLU	ENSG00000108784	206	208	70	G/R	Ggg/Agg	rs762576999	tolerated(0.35)	benign(0.377)	8.24E-06	8.26E-06	0.159	neutral(0.141)
.	17:40690429-40690429	A	missense_variant	MODERATE	NAGLU	ENSG00000108784	199	199	67	G/R	Ggg/Agg	rs762576999	tolerated(0.35)	possibly_damaging(0.53)	8.24E-06	8.26E-06	0.159	neutral(0.199)
.	17:40690437-40690437	T	missense_variant	MODERATE	NAGLU	ENSG00000108784	713	612	204	M/I	atG/atT	rs374904049	deleterious(0)	benign(0.169)	8.24E-06	8.27E-06	0.159	neutral(0.460)
.	17:40690437-40690437	T	missense_variant	MODERATE	NAGLU	ENSG00000108784	214	216	72	M/I	atG/atT	rs374904049	deleterious(0)	possibly_damaging(0.843)	8.24E-06	8.27E-06	0.159	deleterious(0.768)
.	17:40690437-40690437	T	missense_variant	MODERATE	NAGLU	ENSG00000108784	207	207	69	M/I	atG/atT	rs374904049	deleterious(0)	possibly_damaging(0.891)	8.24E-06	8.27E-06	0.159	deleterious(0.795)
rs145452809	17:40690456-40690456	A	missense_variant	MODERATE	NAGLU	ENSG00000108784	732	631	211	D/N	Gat/Aat	rs145452809	deleterious(0)	benign(0.102)	9.88E-05	9.95E-05	0.159	neutral(0.453)
rs145452809	17:40690456-40690456	A	missense_variant	MODERATE	NAGLU	ENSG00000108784	233	235	79	D/N	Gat/Aat	rs145452809	tolerated(0.1)	benign(0.185)	9.88E-05	9.95E-05	0.159	neutral(0.303)
rs145452809	17:40690456-40690456	A	missense_variant	MODERATE	NAGLU	ENSG00000108784	226	226	76	D/N	Gat/Aat	rs145452809	tolerated(0.1)	benign(0.064)	9.88E-05	9.95E-05	0.159	neutral(0.290)
.	17:40690471-40690471	T	missense_variant	MODERATE	NAGLU	ENSG00000108784	747	646	216	P/S	Ccc/Tcc	rs780975701	tolerated(0.69)	benign(0.004)	1.65E-05	1.66E-05	0.159	neutral(0.002)
.	17:40690471-40690471	T	missense_variant	MODERATE	NAGLU	ENSG00000108784	248	250	84	P/S	Ccc/Tcc	rs780975701	tolerated(0.57)	benign(0.022)	1.65E-05	1.66E-05	0.159	neutral(0.007)
.	17:40690471-40690471	T	missense_variant	MODERATE	NAGLU	ENSG00000108784	241	241	81	P/S	Ccc/Tcc	rs780975701	tolerated(0.6)	benign(0.07)	1.65E-05	1.66E-05	0.159	neutral(0.009)
.	17:40690472-40690472	G	missense_variant	MODERATE	NAGLU	ENSG00000108784	748	647	216	P/R	cCc/cGc	rs750276054	tolerated(0.62)	benign(0.002)	8.24E-06	8.32E-06	0.159	neutral(0.004)
.	17:40690472-40690472	G	missense_variant	MODERATE	NAGLU	ENSG00000108784	249	251	84	P/R	cCc/cGc	rs750276054	tolerated(0.41)	benign(0.007)	8.24E-06	8.32E-06	0.159	neutral(0.015)
.	17:40690472-40690472	G	missense_variant	MODERATE	NAGLU	ENSG00000108784	242	242	81	P/R	cCc/cGc	rs750276054	tolerated(0.44)	benign(0.039)	8.24E-06	8.32E-06	0.159	neutral(0.015)
.	17:40690489-40690489	G	missense_variant	MODERATE	NAGLU	ENSG00000108784	765	664	222	Q/E	Cag/Gag	rs748295614	deleterious(0.03)	benign(0.062)	8.24E-06	8.35E-06	0.159	neutral(0.368)
.	17:40690489-40690489	G	missense_variant	MODERATE	NAGLU	ENSG00000108784	266	268	90	Q/E	Cag/Gag	rs748295614	deleterious(0)	benign(0.317)	8.24E-06	8.35E-06	0.159	deleterious(0.543)
.	17:40690489-40690489	G	missense_variant	MODERATE	NAGLU	ENSG00000108784	259	259	87	Q/E	Cag/Gag	rs748295614	deleterious(0)	benign(0.384)	8.24E-06	8.35E-06	0.159	deleterious(0.567)
.	17:40690496-40690496	G	missense_variant	MODERATE	NAGLU	ENSG00000108784	772	671	224	Y/C	tAc/tGc	rs772224894	tolerated(0.12)	possibly_damaging(0.838)	8.24E-06	8.39E-06	0.159	deleterious(0.581)
.	17:40690496-40690496	G	missense_variant	MODERATE	NAGLU	ENSG00000108784	273	275	92	Y/C	tAc/tGc	rs772224894	tolerated(0.06)	possibly_damaging(0.854)	8.24E-06	8.39E-06	0.159	deleterious(0.651)
.	17:40690496-40690496	G	missense_variant	MODERATE	NAGLU	ENSG00000108784	266	266	89	Y/C	tAc/tGc	rs772224894	tolerated(0.06)	probably_damaging(0.916)	8.24E-06	8.39E-06	0.159	deleterious(0.690)
.	17:40690691-40690691	T	missense_variant	MODERATE	NAGLU	ENSG00000108784	783	682	228	R/W	Cgg/Tgg	rs368907396	deleterious(0.02)	benign(0.082)	8.24E-06	8.32E-06	0.159	neutral(0.389)
.	17:40690691-40690691	T	missense_variant	MODERATE	NAGLU	ENSG00000108784	284	286	96	R/W	Cgg/Tgg	rs368907396	deleterious(0.01)	benign(0.17)	8.24E-06	8.32E-06	0.159	neutral(0.421)
.	17:40690691-40690691	T	missense_variant	MODERATE	NAGLU	ENSG00000108784	277	277	93	R/W	Cgg/Tgg	rs368907396	deleterious(0.01)	benign(0.202)	8.24E-06	8.32E-06	0.159	neutral(0.425)
rs146456266	17:40690692-40690692	A	missense_variant	MODERATE	NAGLU	ENSG00000108784	784	683	228	R/Q	cGg/cAg	rs146456266,COSM4066572,COSM4753477	tolerated(0.64)	benign(0.037)	3.30E-05	3.33E-05	0.159	neutral(0.005)
rs146456266	17:40690692-40690692	A	missense_variant	MODERATE	NAGLU	ENSG00000108784	285	287	96	R/Q	cGg/cAg	rs146456266,COSM4066572,COSM4753477	tolerated(0.35)	benign(0.095)	3.30E-05	3.33E-05	0.159	neutral(0.028)
rs146456266	17:40690692-40690692	A	missense_variant	MODERATE	NAGLU	ENSG00000108784	278	278	93	R/Q	cGg/cAg	rs146456266,COSM4066572,COSM4753477	tolerated(0.39)	benign(0.115)	3.30E-05	3.33E-05	0.159	neutral(0.025)
.	17:40690719-40690719	A	missense_variant	MODERATE	NAGLU	ENSG00000108784	811	710	237	G/D	gGc/gAc	rs775646404	deleterious(0)	possibly_damaging(0.789)	8.24E-06	8.33E-06	0.159	deleterious(0.740)
.	17:40690719-40690719	A	missense_variant	MODERATE	NAGLU	ENSG00000108784	312	314	105	G/D	gGc/gAc	rs775646404	deleterious(0.03)	probably_damaging(0.99)	8.24E-06	8.33E-06	0.159	deleterious(0.806)
.	17:40690719-40690719	A	missense_variant	MODERATE	NAGLU	ENSG00000108784	305	305	102	G/D	gGc/gAc	rs775646404	deleterious(0.03)	probably_damaging(0.993)	8.24E-06	8.33E-06	0.159	deleterious(0.815)
.	17:40690736-40690736	T	missense_variant	MODERATE	NAGLU	ENSG00000108784	828	727	243	P/S	Cct/Tct	rs768353229,COSM3717374	deleterious(0)	probably_damaging(1)	8.24E-06	8.35E-06	0.159	deleterious(0.945)
.	17:40690736-40690736	T	missense_variant	MODERATE	NAGLU	ENSG00000108784	329	331	111	P/S	Cct/Tct	rs768353229,COSM3717374	deleterious(0.01)	probably_damaging(0.995)	8.24E-06	8.35E-06	0.159	deleterious(0.863)
.	17:40690736-40690736	T	missense_variant	MODERATE	NAGLU	ENSG00000108784	322	322	108	P/S	Cct/Tct	rs768353229,COSM3717374	deleterious(0.01)	probably_damaging(0.998)	8.24E-06	8.35E-06	0.159	deleterious(0.880)
.	17:40690739-40690739	A	missense_variant	MODERATE	NAGLU	ENSG00000108784	831	730	244	A/T	Gca/Aca	rs773988035	deleterious(0)	probably_damaging(0.981)	8.24E-06	8.35E-06	0.159	deleterious(0.870)
.	17:40690739-40690739	A	missense_variant	MODERATE	NAGLU	ENSG00000108784	332	334	112	A/T	Gca/Aca	rs773988035	deleterious(0.03)	possibly_damaging(0.73)	8.24E-06	8.35E-06	0.159	deleterious(0.631)
.	17:40690739-40690739	A	missense_variant	MODERATE	NAGLU	ENSG00000108784	325	325	109	A/T	Gca/Aca	rs773988035	deleterious(0)	possibly_damaging(0.835)	8.24E-06	8.35E-06	0.159	deleterious(0.763)
.	17:40690760-40690760	A	missense_variant	MODERATE	NAGLU	ENSG00000108784	852	751	251	E/K	Gag/Aag	rs753634837	tolerated(1)	benign(0.003)	8.24E-06	8.38E-06	0.159	neutral(0.000)
.	17:40690760-40690760	A	missense_variant	MODERATE	NAGLU	ENSG00000108784	353	355	119	E/K	Gag/Aag	rs753634837	tolerated(0.97)	benign(0.006)	8.24E-06	8.38E-06	0.159	neutral(0.000)
.	17:40690760-40690760	A	missense_variant	MODERATE	NAGLU	ENSG00000108784	346	346	116	E/K	Gag/Aag	rs753634837	tolerated(0.94)	benign(0.01)	8.24E-06	8.38E-06	0.159	neutral(0.001)
.	17:40690766-40690766	A	missense_variant	MODERATE	NAGLU	ENSG00000108784	858	757	253	V/I	Gtc/Atc	rs764452721	tolerated(1)	benign(0.009)	1.65E-05	1.68E-05	0.159	neutral(0.001)
.	17:40690766-40690766	A	missense_variant	MODERATE	NAGLU	ENSG00000108784	359	361	121	V/I	Gtc/Atc	rs764452721	tolerated(0.68)	benign(0.002)	1.65E-05	1.68E-05	0.159	neutral(0.002)
.	17:40690766-40690766	A	missense_variant	MODERATE	NAGLU	ENSG00000108784	352	352	118	V/I	Gtc/Atc	rs764452721	tolerated(0.85)	benign(0.01)	1.65E-05	1.68E-05	0.159	neutral(0.001)
.	17:40690770-40690770	T	missense_variant	MODERATE	NAGLU	ENSG00000108784	862	761	254	T/I	aCc/aTc	rs751812997	tolerated(0.21)	benign(0.049)	8.24E-06	8.41E-06	0.159	neutral(0.047)
.	17:40690770-40690770	T	missense_variant	MODERATE	NAGLU	ENSG00000108784	363	365	122	T/I	aCc/aTc	rs751812997	tolerated(0.09)	benign(0.012)	8.24E-06	8.41E-06	0.159	neutral(0.297)
.	17:40690770-40690770	T	missense_variant	MODERATE	NAGLU	ENSG00000108784	356	356	119	T/I	aCc/aTc	rs751812997	deleterious(0.03)	benign(0.112)	8.24E-06	8.41E-06	0.159	neutral(0.373)
.	17:40692981-40692981	A	missense_variant	MODERATE	NAGLU	ENSG00000108784	879	778	260	V/I	Gtc/Atc	rs747812274	tolerated(0.14)	benign(0.02)	8.24E-06	8.24E-06	0.159	neutral(0.251)
.	17:40692981-40692981	A	missense_variant	MODERATE	NAGLU	ENSG00000108784	380	382	128	V/I	Gtc/Atc	rs747812274	tolerated(0.21)	benign(0.056)	8.24E-06	8.24E-06	0.159	neutral(0.048)
.	17:40692985-40692985	G	missense_variant	MODERATE	NAGLU	ENSG00000108784	883	782	261	N/S	aAt/aGt	rs771770163	tolerated(0.13)	benign(0.052)	3.30E-05	3.30E-05	0.159	neutral(0.256)
.	17:40692985-40692985	G	missense_variant	MODERATE	NAGLU	ENSG00000108784	384	386	129	N/S	aAt/aGt	rs771770163	tolerated(0.28)	benign(0.202)	3.30E-05	3.30E-05	0.159	neutral(0.051)
.	17:40692991-40692991	T	missense_variant	MODERATE	NAGLU	ENSG00000108784	889	788	263	T/M	aCg/aTg	rs777479452	deleterious(0)	probably_damaging(0.911)	3.30E-05	3.30E-05	0.159	deleterious(0.807)
.	17:40692991-40692991	T	missense_variant	MODERATE	NAGLU	ENSG00000108784	390	392	131	T/M	aCg/aTg	rs777479452	tolerated(0.07)	benign(0.422)	3.30E-05	3.30E-05	0.159	neutral(0.456)
.	17:40693009-40693009	A	missense_variant	MODERATE	NAGLU	ENSG00000108784	907	806	269	G/D	gGc/gAc	rs770456538	tolerated(0.1)	benign(0.178)	8.24E-06	8.24E-06	0.159	neutral(0.303)
.	17:40693009-40693009	A	missense_variant	MODERATE	NAGLU	ENSG00000108784	408	410	137	G/D	gGc/gAc	rs770456538	tolerated(0.09)	benign(0.093)	8.24E-06	8.24E-06	0.159	neutral(0.303)
.	17:40693020-40693020	C	missense_variant	MODERATE	NAGLU	ENSG00000108784	918	817	273	C/R	Tgt/Cgt	rs759511446	tolerated(0.52)	possibly_damaging(0.905)	1.65E-05	1.65E-05	0.159	neutral(0.368)
.	17:40693020-40693020	C	missense_variant	MODERATE	NAGLU	ENSG00000108784	419	421	141	C/R	Tgt/Cgt	rs759511446	tolerated(0.52)	benign(0.07)	1.65E-05	1.65E-05	0.159	neutral(0.014)
.	17:40693030-40693030	T	missense_variant	MODERATE	NAGLU	ENSG00000108784	928	827	276	S/F	tCc/tTc	rs769713129	deleterious(0.02)	probably_damaging(0.987)	8.24E-06	8.24E-06	0.159	deleterious(0.820)
.	17:40693030-40693030	T	missense_variant	MODERATE	NAGLU	ENSG00000108784	429	431	144	S/F	tCc/tTc	rs769713129	tolerated(0.19)	probably_damaging(0.987)	8.24E-06	8.24E-06	0.159	deleterious(0.486)
.	17:40693045-40693045	C	missense_variant	MODERATE	NAGLU	ENSG00000108784	943	842	281	L/P	cTg/cCg	rs762824649	deleterious(0)	probably_damaging(0.989)	8.24E-06	8.24E-06	0.159	deleterious(0.884)
.	17:40693045-40693045	C	missense_variant	MODERATE	NAGLU	ENSG00000108784	444	446	149	L/P	cTg/cCg	rs762824649	deleterious(0)	probably_damaging(0.998)	8.24E-06	8.24E-06	0.159	deleterious(0.919)
.	17:40693051-40693051	T	missense_variant	MODERATE	NAGLU	ENSG00000108784	949	848	283	P/L	cCg/cTg	rs750625891	deleterious(0.03)	possibly_damaging(0.672)	8.24E-06	8.24E-06	0.159	deleterious(0.603)
.	17:40693051-40693051	T	missense_variant	MODERATE	NAGLU	ENSG00000108784	450	452	151	P/L	cCg/cTg	rs750625891	deleterious(0)	probably_damaging(0.993)	8.24E-06	8.24E-06	0.159	deleterious(0.895)
.	17:40693071-40693071	G	missense_variant	MODERATE	NAGLU	ENSG00000108784	969	868	290	I/V	Atc/Gtc	rs766432675	tolerated(0.34)	benign(0.004)	8.24E-06	8.24E-06	0.159	neutral(0.023)
.	17:40693071-40693071	G	missense_variant	MODERATE	NAGLU	ENSG00000108784	470	472	158	I/V	Atc/Gtc	rs766432675	tolerated(0.29)	benign(0.006)	8.24E-06	8.24E-06	0.159	neutral(0.029)
.	17:40693074-40693074	C	missense_variant	MODERATE	NAGLU	ENSG00000108784	972	871	291	I/L	Atc/Ctc	rs199625480	tolerated(0.06)	benign(0.052)	9.88E-05	9.88E-05	0.159	neutral(0.326)
.	17:40693074-40693074	C	missense_variant	MODERATE	NAGLU	ENSG00000108784	473	475	159	I/L	Atc/Ctc	rs199625480	tolerated(0.11)	benign(0.065)	9.88E-05	9.88E-05	0.159	neutral(0.276)
.	17:40693083-40693083	T	missense_variant	MODERATE	NAGLU	ENSG00000108784	981	880	294	L/F	Ctc/Ttc	rs779380732	deleterious(0.04)	possibly_damaging(0.878)	2.47E-05	2.47E-05	0.159	deleterious(0.691)
.	17:40693083-40693083	T	missense_variant	MODERATE	NAGLU	ENSG00000108784	482	484	162	L/F	Ctc/Ttc	rs779380732	deleterious(0.02)	possibly_damaging(0.822)	2.47E-05	2.47E-05	0.159	deleterious(0.694)
.	17:40693093-40693093	A	missense_variant	MODERATE	NAGLU	ENSG00000108784	991	890	297	R/Q	cGa/cAa	rs200625281	tolerated(0.16)	possibly_damaging(0.493)	2.47E-05	2.47E-05	0.159	neutral(0.224)
.	17:40693093-40693093	A	missense_variant	MODERATE	NAGLU	ENSG00000108784	492	494	165	R/Q	cGa/cAa	rs200625281	tolerated(0.42)	benign(0.065)	2.47E-05	2.47E-05	0.159	neutral(0.018)
.	17:40693102-40693102	C	missense_variant	MODERATE	NAGLU	ENSG00000108784	1000	899	300	I/T	aTc/aCc	rs371351618	tolerated(0.79)	benign(0.006)	2.47E-05	2.47E-05	0.159	neutral(0.001)
.	17:40693102-40693102	C	missense_variant	MODERATE	NAGLU	ENSG00000108784	501	503	168	I/T	aTc/aCc	rs371351618	tolerated(0.69)	benign(0.03)	2.47E-05	2.47E-05	0.159	neutral(0.004)
.	17:40693120-40693120	G	missense_variant	MODERATE	NAGLU	ENSG00000108784	1018	917	306	D/G	gAc/gGc	rs745809575	deleterious(0.01)	probably_damaging(0.933)	8.24E-06	8.24E-06	0.159	deleterious(0.784)
.	17:40693120-40693120	G	missense_variant	MODERATE	NAGLU	ENSG00000108784	12	14	5	D/G	gAc/gGc	rs745809575	deleterious_low_confidence(0)	possibly_damaging(0.728)	8.24E-06	8.24E-06	0.159	deleterious(0.710)
.	17:40693126-40693126	C	missense_variant	MODERATE	NAGLU	ENSG00000108784	1024	923	308	I/T	aTc/aCc	rs769906383	deleterious(0)	possibly_damaging(0.772)	8.24E-06	8.24E-06	0.159	deleterious(0.732)
.	17:40693126-40693126	C	missense_variant	MODERATE	NAGLU	ENSG00000108784	18	20	7	I/T	aTc/aCc	rs769906383	deleterious_low_confidence(0)	benign(0.096)	8.24E-06	8.24E-06	0.159	neutral(0.452)
.	17:40693132-40693132	C	missense_variant	MODERATE	NAGLU	ENSG00000108784	1030	929	310	G/A	gGg/gCg	rs775561029	deleterious(0.02)	possibly_damaging(0.507)	8.24E-06	8.24E-06	0.159	deleterious(0.552)
.	17:40693132-40693132	C	missense_variant	MODERATE	NAGLU	ENSG00000108784	24	26	9	G/A	gGg/gCg	rs775561029	tolerated_low_confidence(0.05)	benign(0.077)	8.24E-06	8.24E-06	0.159	neutral(0.351)
.	17:40693132-40693132	T	missense_variant	MODERATE	NAGLU	ENSG00000108784	1030	929	310	G/V	gGg/gTg	rs775561029	deleterious(0)	possibly_damaging(0.875)	8.24E-06	8.24E-06	0.159	deleterious(0.784)
.	17:40693132-40693132	T	missense_variant	MODERATE	NAGLU	ENSG00000108784	24	26	9	G/V	gGg/gTg	rs775561029	deleterious_low_confidence(0)	benign(0.363)	8.24E-06	8.24E-06	0.159	deleterious(0.560)
.	17:40693168-40693168	T	missense_variant	MODERATE	NAGLU	ENSG00000108784	1066	965	322	S/L	tCa/tTa	rs766374195	deleterious(0)	benign(0.363)	8.24E-06	8.25E-06	0.159	deleterious(0.560)
.	17:40693168-40693168	T	missense_variant	MODERATE	NAGLU	ENSG00000108784	60	62	21	S/L	tCa/tTa	rs766374195	deleterious_low_confidence(0.03)	possibly_damaging(0.504)	8.24E-06	8.25E-06	0.159	deleterious(0.533)
.	17:40693182-40693182	T	missense_variant	MODERATE	NAGLU	ENSG00000108784	1080	979	327	L/F	Ctt/Ttt	rs776750536	deleterious(0)	probably_damaging(0.999)	8.24E-06	8.26E-06	0.159	deleterious(0.935)
.	17:40693182-40693182	T	missense_variant	MODERATE	NAGLU	ENSG00000108784	74	76	26	L/F	Ctt/Ttt	rs776750536	deleterious_low_confidence(0)	possibly_damaging(0.765)	8.24E-06	8.26E-06	0.159	deleterious(0.728)
.	17:40693188-40693188	A	missense_variant	MODERATE	NAGLU	ENSG00000108784	1086	985	329	A/T	Gca/Aca	rs765774149	tolerated(0.24)	benign(0.192)	8.24E-06	8.26E-06	0.159	neutral(0.055)
.	17:40693188-40693188	A	missense_variant	MODERATE	NAGLU	ENSG00000108784	80	82	28	A/T	Gca/Aca	rs765774149	tolerated_low_confidence(0.18)	benign(0.01)	8.24E-06	8.26E-06	0.159	neutral(0.057)
.	17:40693198-40693198	T	missense_variant	MODERATE	NAGLU	ENSG00000108784	1096	995	332	T/I	aCt/aTt	rs758715395	tolerated(0.06)	benign(0.071)	8.24E-06	8.27E-06	0.159	neutral(0.328)
.	17:40693198-40693198	T	missense_variant	MODERATE	NAGLU	ENSG00000108784	90	92	31	T/I	aCt/aTt	rs758715395	tolerated_low_confidence(0.13)	benign(0.001)	8.24E-06	8.27E-06	0.159	neutral(0.253)
.	17:40693203-40693203	A	missense_variant	MODERATE	NAGLU	ENSG00000108784	1101	1000	334	V/I	Gtc/Atc	rs749140168,CM992352,COSM269687	tolerated(0.22)	possibly_damaging(0.448)	8.24E-06	8.27E-06	0.159	neutral(0.189)
.	17:40693203-40693203	A	missense_variant	MODERATE	NAGLU	ENSG00000108784	95	97	33	V/I	Gtc/Atc	rs749140168,CM992352,COSM269687	tolerated_low_confidence(0.27)	benign(0.208)	8.24E-06	8.27E-06	0.159	neutral(0.054)
.	17:40693217-40693217	A	missense_variant	MODERATE	NAGLU	ENSG00000108784	1115	1014	338	M/I	atG/atA	rs745434298	tolerated(0.08)	probably_damaging(0.919)	8.24E-06	8.28E-06	0.159	deleterious(0.669)
.	17:40693217-40693217	A	missense_variant	MODERATE	NAGLU	ENSG00000108784	109	111	37	M/I	atG/atA	rs745434298	deleterious_low_confidence(0.02)	benign(0.043)	8.24E-06	8.28E-06	0.159	neutral(0.386)
.	17:40693218-40693218	C	missense_variant	MODERATE	NAGLU	ENSG00000108784	1116	1015	339	T/P	Act/Cct	rs755652019	deleterious(0.03)	possibly_damaging(0.857)	8.24E-06	8.28E-06	0.159	deleterious(0.696)
.	17:40693218-40693218	C	missense_variant	MODERATE	NAGLU	ENSG00000108784	110	112	38	T/P	Act/Cct	rs755652019	deleterious_low_confidence(0.02)	possibly_damaging(0.702)	8.24E-06	8.28E-06	0.159	deleterious(0.635)
.	17:40693221-40693221	A	missense_variant	MODERATE	NAGLU	ENSG00000108784	1119	1018	340	A/T	Gca/Aca	rs780187288	tolerated(0.31)	benign(0.05)	8.24E-06	8.28E-06	0.159	neutral(0.030)
.	17:40693221-40693221	A	missense_variant	MODERATE	NAGLU	ENSG00000108784	113	115	39	A/T	Gca/Aca	rs780187288	tolerated_low_confidence(0.1)	unknown(0)	8.24E-06	8.28E-06	0.159	-
.	17:40695069-40695069	T	missense_variant	MODERATE	NAGLU	ENSG00000108784	1146	1045	349	L/F	Ctc/Ttc	rs746052542	deleterious(0.04)	benign(0.097)	8.24E-06	8.64E-06	0.159	neutral(0.356)
.	17:40695076-40695076	C	missense_variant	MODERATE	NAGLU	ENSG00000108784	1153	1052	351	G/A	gGc/gCc	rs376582504	deleterious(0.05)	probably_damaging(0.997)	8.24E-06	8.63E-06	0.159	deleterious(0.811)
.	17:40695085-40695085	C	missense_variant	MODERATE	NAGLU	ENSG00000108784	1162	1061	354	F/S	tTc/tCc	rs769268314	deleterious(0)	probably_damaging(0.994)	2.47E-05	1.72E-05	0.159	deleterious(0.897)
.	17:40695087-40695087	A	missense_variant	MODERATE	NAGLU	ENSG00000108784	1164	1063	355	Q/K	Cag/Aag	rs774687078	tolerated(0.29)	benign(0.068)	2.47E-05	2.59E-05	0.159	neutral(0.034)
.	17:40695106-40695106	C	missense_variant	MODERATE	NAGLU	ENSG00000108784	1183	1082	361	W/S	tGg/tCg	rs753454744	deleterious(0)	probably_damaging(1)	8.24E-06	8.53E-06	0.159	deleterious(0.945)
.	17:40695122-40695122	G	missense_variant	MODERATE	NAGLU	ENSG00000108784	1199	1098	366	I/M	atC/atG	rs758217901	tolerated(0.34)	benign(0.068)	8.24E-06	8.48E-06	0.159	neutral(0.028)
.	17:40695122-40695122	G	missense_variant	MODERATE	NAGLU	ENSG00000108784	137	139	47	Q/E	Cag/Gag	rs758217901	deleterious_low_confidence(0.01)	benign(0)	8.24E-06	8.48E-06	0.159	neutral(0.406)
.	17:40695129-40695129	T	missense_variant	MODERATE	NAGLU	ENSG00000108784	1206	1105	369	V/L	Gtg/Ttg	rs777474441	tolerated(1)	benign(0.035)	8.24E-06	8.46E-06	0.159	neutral(0.002)
.	17:40695129-40695129	T	missense_variant	MODERATE	NAGLU	ENSG00000108784	144	146	49	C/F	tGt/tTt	rs777474441	tolerated_low_confidence(0.08)	benign(0)	8.24E-06	8.46E-06	0.159	neutral(0.300)
.	17:40695144-40695144	T	missense_variant	MODERATE	NAGLU	ENSG00000108784	1221	1120	374	P/S	Ccc/Tcc	rs770055150	deleterious(0)	probably_damaging(1)	8.24E-06	8.41E-06	0.159	deleterious(0.945)
.	17:40695144-40695144	T	missense_variant	MODERATE	NAGLU	ENSG00000108784	159	161	54	A/V	gCc/gTc	rs770055150	tolerated_low_confidence(0.12)	benign(0.006)	8.24E-06	8.41E-06	0.159	neutral(0.261)
.	17:40695147-40695147	T	missense_variant	MODERATE	NAGLU	ENSG00000108784	1224	1123	375	R/C	Cgt/Tgt	rs534847909	tolerated(0.16)	possibly_damaging(0.849)	8.24E-06	8.41E-06	0.159	neutral(0.386)
.	17:40695147-40695147	T	missense_variant	MODERATE	NAGLU	ENSG00000108784	162	164	55	P/L	cCg/cTg	rs534847909	deleterious_low_confidence(0)	possibly_damaging(0.856)	8.24E-06	8.41E-06	0.159	deleterious(0.775)
.	17:40695148-40695148	A	missense_variant	MODERATE	NAGLU	ENSG00000108784	1225	1124	375	R/H	cGt/cAt	rs768600049	tolerated(0.52)	benign(0.022)	2.47E-05	2.52E-05	0.159	neutral(0.010)
.	17:40695153-40695153	T	missense_variant	MODERATE	NAGLU	ENSG00000108784	1230	1129	377	R/C	Cgc/Tgc	rs762372103	deleterious(0.01)	benign(0.266)	8.24E-06	8.38E-06	0.159	neutral(0.434)
.	17:40695153-40695153	T	missense_variant	MODERATE	NAGLU	ENSG00000108784	168	170	57	P/L	cCg/cTg	rs762372103	deleterious_low_confidence(0.03)	benign(0)	8.24E-06	8.38E-06	0.159	neutral(0.364)
.	17:40695154-40695154	A	missense_variant	MODERATE	NAGLU	ENSG00000108784	1231	1130	377	R/H	cGc/cAc	rs199850748	deleterious(0.05)	benign(0.192)	2.47E-05	2.51E-05	0.159	neutral(0.363)
.	17:40695178-40695178	T	missense_variant	MODERATE	NAGLU	ENSG00000108784	1255	1154	385	A/V	gCt/gTt	rs773653759	deleterious(0)	probably_damaging(1)	8.24E-06	8.32E-06	0.159	deleterious(0.945)
.	17:40695180-40695180	A	missense_variant	MODERATE	NAGLU	ENSG00000108784	1257	1156	386	E/K	Gag/Aag	rs761107171,COSM346478	deleterious(0)	probably_damaging(0.999)	8.24E-06	8.31E-06	0.159	deleterious(0.935)
.	17:40695202-40695202	A	missense_variant	MODERATE	NAGLU	ENSG00000108784	1279	1178	393	R/H	cGc/cAc	rs753409259	tolerated(0.2)	benign(0.056)	8.24E-06	8.29E-06	0.159	neutral(0.053)
.	17:40695216-40695216	A	missense_variant	MODERATE	NAGLU	ENSG00000108784	1293	1192	398	Q/K	Cag/Aag	rs553293896	deleterious(0.01)	benign(0.1)	8.24E-05	8.28E-05	0.159	neutral(0.413)
.	17:40695220-40695220	T	missense_variant	MODERATE	NAGLU	ENSG00000108784	1297	1196	399	G/V	gGc/gTc	rs764610727	deleterious(0)	probably_damaging(1)	8.24E-06	8.28E-06	0.159	deleterious(0.945)
.	17:40695236-40695236	C	missense_variant	MODERATE	NAGLU	ENSG00000108784	1313	1212	404	W/C	tgG/tgC	rs777670507	deleterious(0)	probably_damaging(1)	2.47E-05	2.48E-05	0.159	deleterious(0.945)
.	17:40695246-40695246	T	missense_variant	MODERATE	NAGLU	ENSG00000108784	1323	1222	408	H/Y	Cac/Tac	rs757018169	deleterious(0)	probably_damaging(0.992)	1.65E-05	1.66E-05	0.159	deleterious(0.892)
.	17:40695285-40695285	A	missense_variant	MODERATE	NAGLU	ENSG00000108784	1362	1261	421	E/K	Gag/Aag	rs772765165	tolerated(0.08)	possibly_damaging(0.513)	8.24E-06	8.30E-06	0.159	deleterious(0.472)
.	17:40695301-40695301	C	missense_variant	MODERATE	NAGLU	ENSG00000108784	1378	1277	426	G/A	gGc/gCc	rs771151036	deleterious(0.01)	probably_damaging(0.997)	8.24E-06	8.32E-06	0.159	deleterious(0.872)
.	17:40695315-40695315	T	missense_variant	MODERATE	NAGLU	ENSG00000108784	1392	1291	431	R/C	Cgc/Tgc	rs759041924	deleterious(0)	probably_damaging(0.989)	8.24E-06	8.34E-06	0.159	deleterious(0.884)
.	17:40695328-40695328	C	missense_variant	MODERATE	NAGLU	ENSG00000108784	1405	1304	435	N/T	aAc/aCc	rs764815033	deleterious(0)	probably_damaging(0.999)	8.24E-06	8.38E-06	0.159	deleterious(0.935)
.	17:40695334-40695334	G	missense_variant	MODERATE	NAGLU	ENSG00000108784	1411	1310	437	T/S	aCc/aGc	rs762440900,CM020161	tolerated(0.12)	possibly_damaging(0.536)	6.59E-05	6.75E-05	0.159	neutral(0.442)
rs138695961	17:40695346-40695346	T	missense_variant	MODERATE	NAGLU	ENSG00000108784	1423	1322	441	T/M	aCg/aTg	rs138695961,CM128260	tolerated(0.05)	probably_damaging(0.934)	2.06E-04	0.0002154	0.159	deleterious(0.726)
.	17:40695355-40695355	A	missense_variant	MODERATE	NAGLU	ENSG00000108784	1432	1331	444	A/D	gCc/gAc	rs767179184	deleterious(0.01)	possibly_damaging(0.826)	8.24E-06	8.90E-06	0.159	deleterious(0.719)
.	17:40695355-40695355	T	missense_variant	MODERATE	NAGLU	ENSG00000108784	1432	1331	444	A/V	gCc/gTc	rs767179184	tolerated(0.27)	benign(0.03)	5.77E-05	6.23E-05	0.159	neutral(0.035)
.	17:40695357-40695357	T	missense_variant	MODERATE	NAGLU	ENSG00000108784	1434	1333	445	P/S	Ccc/Tcc	rs755099500	tolerated(0.09)	probably_damaging(0.999)	1.65E-05	1.78E-05	0.159	deleterious(0.787)
rs114605439	17:40695370-40695370	A	missense_variant	MODERATE	NAGLU	ENSG00000108784	1447	1346	449	S/N	aGc/aAc	rs114605439	tolerated(1)	benign(0.004)	2.80E-04	0.0003209	0.159	neutral(0.000)
.	17:40695384-40695384	T	missense_variant	MODERATE	NAGLU	ENSG00000108784	1461	1360	454	V/F	Gtc/Ttc	rs776800328	deleterious(0)	probably_damaging(0.913)	8.24E-06	9.95E-06	0.159	deleterious(0.809)
.	17:40695388-40695388	C	missense_variant	MODERATE	NAGLU	ENSG00000108784	1465	1364	455	Y/S	tAt/tCt	rs375103824,CM981363	deleterious(0)	probably_damaging(0.999)	8.24E-06	1.01E-05	0.159	deleterious(0.935)
.	17:40695391-40695391	T	missense_variant	MODERATE	NAGLU	ENSG00000108784	1468	1367	456	S/F	tCc/tTc	rs775097044	deleterious(0)	possibly_damaging(0.637)	8.24E-06	1.03E-05	0.159	deleterious(0.667)
.	17:40695408-40695408	C	missense_variant	MODERATE	NAGLU	ENSG00000108784	1485	1384	462	G/R	Ggc/Cgc	rs763548662	deleterious(0)	probably_damaging(0.976)	8.24E-06	1.12E-05	0.159	deleterious(0.863)
.	17:40695415-40695415	A	missense_variant	MODERATE	NAGLU	ENSG00000108784	1492	1391	464	R/Q	cGa/cAa	rs377282648	deleterious(0.03)	benign(0.168)	1.24E-04	0.0001508	0.159	neutral(0.380)
.	17:40695454-40695454	C	missense_variant	MODERATE	NAGLU	ENSG00000108784	1531	1430	477	S/T	aGc/aCc	rs369970264	tolerated(0.57)	benign(0.232)	4.95E-05	6.52E-05	0.159	neutral(0.029)
.	17:40695459-40695459	A	missense_variant	MODERATE	NAGLU	ENSG00000108784	1536	1435	479	A/T	Gcc/Acc	rs202115696	tolerated(0.1)	possibly_damaging(0.838)	7.43E-05	7.99E-05	0.159	deleterious(0.607)
rs147293270	17:40695462-40695462	A	missense_variant	MODERATE	NAGLU	ENSG00000108784	1539	1438	480	A/T	Gcc/Acc	rs147293270	tolerated(0.79)	benign(0.015)	7.51E-04	0.001086	0.159	neutral(0.002)
.	17:40695465-40695465	T	missense_variant	MODERATE	NAGLU	ENSG00000108784	1542	1441	481	R/W	Cgg/Tgg	rs747529593	deleterious(0)	probably_damaging(0.988)	8.25E-06	1.34E-05	0.159	deleterious(0.882)
.	17:40695487-40695487	T	missense_variant	MODERATE	NAGLU	ENSG00000108784	1564	1463	488	P/L	cCg/cTg	rs748902330	tolerated(0.23)	benign(0.329)	8.25E-06	1.34E-05	0.159	neutral(0.144)
.	17:40695492-40695492	A	missense_variant	MODERATE	NAGLU	ENSG00000108784	1569	1468	490	A/T	Gca/Aca	rs761373883	tolerated(0.23)	benign(0.104)	8.25E-06	1.33E-05	0.159	neutral(0.050)
.	17:40695496-40695496	C	missense_variant	MODERATE	NAGLU	ENSG00000108784	1573	1472	491	G/A	gGg/gCg	rs771970841	tolerated(0.7)	benign(0.004)	8.25E-06	1.31E-05	0.159	neutral(0.002)
.	17:40695502-40695502	T	missense_variant	MODERATE	NAGLU	ENSG00000108784	1579	1478	493	A/V	gCg/gTg	rs773171472	deleterious(0)	probably_damaging(1)	1.65E-05	2.61E-05	0.159	deleterious(0.945)
.	17:40695511-40695511	C	missense_variant	MODERATE	NAGLU	ENSG00000108784	1588	1487	496	L/P	cTa/cCa	rs569519789,CD053588	deleterious(0.03)	probably_damaging(0.994)	2.47E-05	3.84E-05	0.159	deleterious(0.817)
.	17:40695519-40695519	T	missense_variant	MODERATE	NAGLU	ENSG00000108784	1596	1495	499	R/W	Cgg/Tgg	rs200981229	deleterious(0)	probably_damaging(0.932)	4.95E-05	6.34E-05	0.159	deleterious(0.823)
.	17:40695520-40695520	A	missense_variant	MODERATE	NAGLU	ENSG00000108784	1597	1496	499	R/Q	cGg/cAg	rs368183484	tolerated(0.18)	benign(0.037)	2.47E-05	3.79E-05	0.159	neutral(0.058)
.	17:40695532-40695532	G	missense_variant	MODERATE	NAGLU	ENSG00000108784	1609	1508	503	N/S	aAc/aGc	rs757325483	deleterious(0.02)	probably_damaging(0.996)	8.24E-06	1.22E-05	0.159	deleterious(0.845)
.	17:40695541-40695541	A	missense_variant	MODERATE	NAGLU	ENSG00000108784	1618	1517	506	G/E	gGg/gAg	rs780331968	deleterious(0.05)	possibly_damaging(0.732)	1.65E-05	2.38E-05	0.159	deleterious(0.613)
.	17:40695550-40695550	A	missense_variant	MODERATE	NAGLU	ENSG00000108784	1627	1526	509	C/Y	tGc/tAc	rs372781575	tolerated(1)	benign(0.02)	8.24E-06	1.15E-05	0.159	neutral(0.001)
.	17:40695562-40695562	G	missense_variant	MODERATE	NAGLU	ENSG00000108784	1639	1538	513	N/S	aAt/aGt	rs200465065	deleterious(0.01)	probably_damaging(0.98)	8.24E-06	1.10E-05	0.159	deleterious(0.830)
.	17:40695564-40695564	T	missense_variant	MODERATE	NAGLU	ENSG00000108784	1641	1540	514	R/C	Cgt/Tgt	rs747653638,COSM4634196	deleterious(0.01)	possibly_damaging(0.901)	1.65E-05	2.19E-05	0.159	deleterious(0.762)
.	17:40695565-40695565	A	missense_variant	MODERATE	NAGLU	ENSG00000108784	1642	1541	514	R/H	cGt/cAt	rs771560656	tolerated(0.5)	benign(0.006)	4.95E-05	6.52E-05	0.159	neutral(0.010)
.	17:40695589-40695589	T	missense_variant	MODERATE	NAGLU	ENSG00000108784	1666	1565	522	S/F	tCc/tTc	rs764446533	deleterious(0)	probably_damaging(0.997)	8.25E-06	9.35E-06	0.159	deleterious(0.911)
.	17:40695595-40695595	G	missense_variant	MODERATE	NAGLU	ENSG00000108784	1672	1571	524	Q/R	cAg/cGg	rs751779361	tolerated(0.6)	benign(0.004)	2.47E-05	2.73E-05	0.159	neutral(0.004)
.	17:40695622-40695622	A	missense_variant	MODERATE	NAGLU	ENSG00000108784	1699	1598	533	R/Q	cGa/cAa	rs767597884	tolerated(0.66)	benign(0.025)	8.25E-06	8.76E-06	0.159	neutral(0.004)
.	17:40695630-40695630	A	missense_variant	MODERATE	NAGLU	ENSG00000108784	1707	1606	536	V/M	Gtg/Atg	rs553158830	deleterious(0.01)	probably_damaging(0.995)	8.25E-06	8.72E-06	0.159	deleterious(0.863)
.	17:40695646-40695646	A	missense_variant	MODERATE	NAGLU	ENSG00000108784	1723	1622	541	R/Q	cGg/cAg	rs376300258	tolerated(0.29)	benign(0.087)	8.25E-06	8.72E-06	0.159	neutral(0.036)
.	17:40695649-40695649	C	missense_variant	MODERATE	NAGLU	ENSG00000108784	1726	1625	542	L/P	cTg/cCg	rs747795439	deleterious(0.02)	probably_damaging(0.981)	8.25E-06	8.72E-06	0.159	deleterious(0.808)
.	17:40695649-40695649	G	missense_variant	MODERATE	NAGLU	ENSG00000108784	1726	1625	542	L/R	cTg/cGg	rs747795439	tolerated(0.06)	benign(0.367)	8.25E-06	8.72E-06	0.159	neutral(0.439)
.	17:40695663-40695663	A	missense_variant	MODERATE	NAGLU	ENSG00000108784	1740	1639	547	A/T	Gct/Act	rs746486630,COSM3378199	tolerated(0.38)	benign(0.068)	1.65E-05	8.75E-06	0.159	neutral(0.022)
.	17:40695687-40695687	A	missense_variant	MODERATE	NAGLU	ENSG00000108784	1764	1663	555	A/T	Gcc/Acc	rs745703132	tolerated(1)	benign(0.01)	1.32E-04	0.000139	0.159	neutral(0.001)
.	17:40695693-40695693	T	missense_variant	MODERATE	NAGLU	ENSG00000108784	1770	1669	557	R/C	Cgc/Tgc	rs771684042	deleterious(0.02)	benign(0.173)	8.24E-06	8.68E-06	0.159	neutral(0.399)
.	17:40695694-40695694	T	missense_variant	MODERATE	NAGLU	ENSG00000108784	1771	1670	557	R/L	cGc/cTc	rs774472259	tolerated(0.13)	benign(0.089)	1.65E-05	1.74E-05	0.159	neutral(0.259)
.	17:40695699-40695699	A	missense_variant	MODERATE	NAGLU	ENSG00000108784	1776	1675	559	D/N	Gac/Aac	rs767510451	deleterious(0.01)	probably_damaging(0.992)	1.65E-05	1.73E-05	0.159	deleterious(0.853)
.	17:40695699-40695699	C	missense_variant	MODERATE	NAGLU	ENSG00000108784	1776	1675	559	D/H	Gac/Cac	rs767510451	deleterious(0)	probably_damaging(0.998)	8.24E-06	8.67E-06	0.159	deleterious(0.919)
.	17:40695712-40695712	A	missense_variant	MODERATE	NAGLU	ENSG00000108784	1789	1688	563	L/H	cTc/cAc	rs754322727	deleterious(0)	probably_damaging(0.928)	1.65E-05	1.74E-05	0.159	deleterious(0.820)
.	17:40695727-40695727	G	missense_variant	MODERATE	NAGLU	ENSG00000108784	1804	1703	568	V/G	gTg/gGg	rs777283283	deleterious(0)	benign(0.315)	5.77E-05	6.10E-05	0.159	deleterious(0.543)
.	17:40695741-40695741	G	missense_variant	MODERATE	NAGLU	ENSG00000108784	1818	1717	573	S/G	Agc/Ggc	rs369131160	tolerated(0.28)	benign(0.02)	1.65E-05	1.75E-05	0.159	neutral(0.033)
.	17:40695748-40695748	G	missense_variant	MODERATE	NAGLU	ENSG00000108784	1825	1724	575	Y/C	tAc/tGc	rs756802151	deleterious(0.05)	benign(0.078)	8.24E-06	8.83E-06	0.159	neutral(0.351)
.	17:40695807-40695807	A	missense_variant	MODERATE	NAGLU	ENSG00000108784	1884	1783	595	G/R	Gga/Aga	rs773277748	deleterious(0.03)	probably_damaging(0.982)	2.47E-05	3.20E-05	0.159	deleterious(0.791)
.	17:40695810-40695810	T	missense_variant	MODERATE	NAGLU	ENSG00000108784	1887	1786	596	G/C	Ggc/Tgc	rs772901588	deleterious(0)	probably_damaging(0.999)	8.24E-06	1.09E-05	0.159	deleterious(0.935)
rs143303303	17:40695813-40695813	A	missense_variant	MODERATE	NAGLU	ENSG00000108784	1890	1789	597	V/I	Gtc/Atc	rs759978970	tolerated(0.73)	benign(0.021)	7.42E-05	9.92E-05	0.159	neutral(0.003)
rs143303303	17:40695813-40695813	C	missense_variant	MODERATE	NAGLU	ENSG00000108784	1890	1789	597	V/L	Gtc/Ctc	rs759978970	tolerated(0.65)	benign(0.037)	8.24E-06	1.10E-05	0.159	neutral(0.005)
.	17:40695846-40695846	A	missense_variant	MODERATE	NAGLU	ENSG00000108784	1923	1822	608	E/K	Gag/Aag	rs756138287	tolerated(0.88)	benign(0.009)	8.25E-06	1.28E-05	0.159	neutral(0.001)
.	17:40695867-40695867	T	missense_variant	MODERATE	NAGLU	ENSG00000108784	1944	1843	615	R/C	Cgc/Tgc	rs199729746	deleterious(0.02)	possibly_damaging(0.901)	5.78E-05	9.73E-05	0.159	deleterious(0.740)
.	17:40695882-40695882	G	missense_variant	MODERATE	NAGLU	ENSG00000108784	1959	1858	620	S/G	Agc/Ggc	rs777994015	tolerated(0.37)	benign(0.013)	8.25E-06	1.38E-05	0.159	neutral(0.019)
rs104894591	17:40695900-40695900	G	missense_variant	MODERATE	NAGLU	ENSG00000108784	1977	1876	626	R/G	Cga/Gga	rs104894591,CM950831	deleterious(0)	possibly_damaging(0.734)	8.25E-06	1.37E-05	0.159	deleterious(0.713)
.	17:40695901-40695901	A	missense_variant	MODERATE	NAGLU	ENSG00000108784	1978	1877	626	R/Q	cGa/cAa	rs376545731	tolerated(0.08)	benign(0.212)	4.13E-05	6.81E-05	0.159	neutral(0.321)
rs140905880	17:40695904-40695904	T	missense_variant	MODERATE	NAGLU	ENSG00000108784	1981	1880	627	A/V	gCa/gTa	rs140905880	tolerated(0.2)	benign(0.049)	4.13E-05	5.44E-05	0.159	neutral(0.052)
.	17:40695907-40695907	T	missense_variant	MODERATE	NAGLU	ENSG00000108784	1984	1883	628	A/V	gCg/gTg	rs535336259	tolerated(0.45)	benign(0.004)	1.65E-05	2.71E-05	0.159	neutral(0.012)
.	17:40695912-40695912	A	missense_variant	MODERATE	NAGLU	ENSG00000108784	1989	1888	630	V/I	Gtc/Atc	rs764322586	tolerated(0.11)	benign(0.013)	8.25E-06	1.33E-05	0.159	neutral(0.272)
.	17:40695913-40695913	G	missense_variant	MODERATE	NAGLU	ENSG00000108784	1990	1889	630	V/G	gTc/gGc	rs751264692	tolerated(0.17)	benign(0.232)	4.13E-05	6.67E-05	0.159	neutral(0.082)
rs74729489	17:40695922-40695922	G	missense_variant	MODERATE	NAGLU	ENSG00000108784	1999	1898	633	A/G	gCc/gGc	-	tolerated(0.37)	benign(0.022)	-	-	0.159	neutral(0.020)
.	17:40695930-40695930	A	missense_variant	MODERATE	NAGLU	ENSG00000108784	2007	1906	636	D/N	Gat/Aat	rs375068243	tolerated(0.43)	benign(0.009)	4.95E-05	6.56E-05	0.159	neutral(0.014)
.	17:40695943-40695943	G	missense_variant	MODERATE	NAGLU	ENSG00000108784	2020	1919	640	Q/R	cAg/cGg	rs754833974	tolerated(0.35)	benign(0.008)	8.25E-06	1.28E-05	0.159	neutral(0.021)
.	17:40695958-40695958	C	missense_variant	MODERATE	NAGLU	ENSG00000108784	2035	1934	645	Q/P	cAg/cCg	rs747924769	deleterious(0)	probably_damaging(1)	8.24E-06	1.19E-05	0.159	deleterious(0.945)
.	17:40695970-40695970	C	missense_variant	MODERATE	NAGLU	ENSG00000108784	2047	1946	649	W/S	tGg/tCg	rs527236038	deleterious(0)	probably_damaging(1)	8.24E-06	1.17E-05	0.159	deleterious(0.945)
.	17:40696041-40696041	T	missense_variant	MODERATE	NAGLU	ENSG00000108784	2118	2017	673	P/S	Cct/Tct	rs776091678	deleterious(0.01)	probably_damaging(0.911)	8.24E-06	1.03E-05	0.159	deleterious(0.768)
.	17:40696050-40696050	T	missense_variant	MODERATE	NAGLU	ENSG00000108784	2127	2026	676	R/W	Cgg/Tgg	rs774918711	deleterious(0.01)	possibly_damaging(0.849)	8.24E-06	1.00E-05	0.159	deleterious(0.732)
.	17:40696066-40696066	T	missense_variant	MODERATE	NAGLU	ENSG00000108784	2143	2042	681	A/V	gCg/gTg	rs540744217,COSM4646548	tolerated(0.48)	benign(0.014)	8.24E-06	9.46E-06	0.159	neutral(0.011)
.	17:40696081-40696081	C	missense_variant	MODERATE	NAGLU	ENSG00000108784	2158	2057	686	V/A	gTg/gCg	rs760257524	deleterious(0)	benign(0.3)	8.24E-06	8.90E-06	0.159	deleterious(0.537)
.	17:40696087-40696087	G	missense_variant	MODERATE	NAGLU	ENSG00000108784	2164	2063	688	Q/R	cAg/cGg	rs765769128	tolerated(0.65)	benign(0.004)	8.24E-06	8.76E-06	0.159	neutral(0.003)
rs146582131	17:40696107-40696107	T	missense_variant	MODERATE	NAGLU	ENSG00000108784	2184	2083	695	H/Y	Cac/Tac	rs146582131	tolerated(0.06)	possibly_damaging(0.53)	8.24E-06	8.47E-06	0.159	deleterious(0.502)
.	17:40696133-40696133	C	missense_variant	MODERATE	NAGLU	ENSG00000108784	2210	2109	703	Q/H	caA/caC	rs754927686	tolerated(0.06)	possibly_damaging(0.852)	8.24E-06	8.31E-06	0.159	deleterious(0.650)
.	17:40696149-40696149	A	missense_variant	MODERATE	NAGLU	ENSG00000108784	2226	2125	709	V/I	Gtt/Att	rs781410675,COSM5364068	tolerated(0.43)	benign(0.032)	8.24E-05	8.28E-05	0.159	neutral(0.015)
.	17:40696152-40696152	G	missense_variant	MODERATE	NAGLU	ENSG00000108784	2229	2128	710	L/V	Ctc/Gtc	rs371348286,COSM4883456	tolerated(0.4)	benign(0.152)	8.24E-06	8.28E-06	0.159	neutral(0.029)
.	17:40696165-40696165	T	missense_variant	MODERATE	NAGLU	ENSG00000108784	2242	2141	714	R/M	aGg/aTg	rs756220141	tolerated(0.26)	possibly_damaging(0.863)	8.24E-06	8.27E-06	0.159	neutral(0.368)
.	17:40696178-40696178	C	missense_variant	MODERATE	NAGLU	ENSG00000108784	2255	2154	718	Q/H	caG/caC	rs749377249	tolerated(0.09)	benign(0.014)	8.24E-06	8.28E-06	0.159	neutral(0.297)
.	17:40696183-40696183	A	missense_variant	MODERATE	NAGLU	ENSG00000108784	2260	2159	720	R/Q	cGa/cAa	rs774971794	tolerated(0.77)	benign(0.007)	1.65E-05	1.66E-05	0.159	neutral(0.001)
.	17:40696188-40696188	A	missense_variant	MODERATE	NAGLU	ENSG00000108784	2265	2164	722	D/N	Gac/Aac	rs367726645	tolerated(0.05)	benign(0.436)	1.98E-04	0.0001987	0.159	deleterious(0.487)
rs144807822	17:40696209-40696209	C	missense_variant	MODERATE	NAGLU	ENSG00000108784	2286	2185	729	K/Q	Aag/Cag	rs144807822	tolerated(0.11)	benign(0.314)	5.77E-05	5.80E-05	0.159	neutral(0.370)
.	17:40696210-40696210	G	missense_variant	MODERATE	NAGLU	ENSG00000108784	2287	2186	729	K/R	aAg/aGg	rs772950949,CD003099	tolerated(0.55)	benign(0.02)	8.24E-06	8.29E-06	0.159	neutral(0.008)
.	17:40696215-40696215	G	missense_variant	MODERATE	NAGLU	ENSG00000108784	2292	2191	731	F/V	Ttc/Gtc	rs760180817	deleterious(0.01)	probably_damaging(0.975)	1.65E-05	1.66E-05	0.159	deleterious(0.823)
.	17:40696231-40696231	T	missense_variant	MODERATE	NAGLU	ENSG00000108784	2308	2207	736	P/L	cCc/cTc	rs776069611	deleterious(0)	probably_damaging(0.945)	8.24E-06	8.31E-06	0.159	deleterious(0.834)
rs86312	17:40696233-40696233	A	missense_variant	MODERATE	NAGLU	ENSG00000108784	2310	2209	737	R/S	Cgc/Agc	rs86312	deleterious(0.04)	benign(0.097)	0.019	0.01924	0.159	neutral(0.356)
rs86312	17:40696233-40696233	G	missense_variant	MODERATE	NAGLU	ENSG00000108784	2310	2209	737	R/G	Cgc/Ggc	rs86312	deleterious(0.03)	benign(0.188)	0.905	0.9055	0.159	neutral(0.382)
rs86312	17:40696233-40696233	T	missense_variant	MODERATE	NAGLU	ENSG00000108784	2310	2209	737	R/C	Cgc/Tgc	rs86312	deleterious(0.01)	possibly_damaging(0.634)	8.24E-06	8.31E-06	0.159	deleterious(0.628)
.	17:40696234-40696234	A	missense_variant	MODERATE	NAGLU	ENSG00000108784	2311	2210	737	R/H	cGc/cAc	rs373898536	tolerated(0.17)	benign(0.007)	8.24E-06	8.43E-06	0.159	neutral(0.059)
.	17:40696242-40696242	C	missense_variant	MODERATE	NAGLU	ENSG00000108784	2319	2218	740	A/P	Gcc/Ccc	rs750668298	deleterious_low_confidence(0.01)	possibly_damaging(0.703)	5.77E-05	5.93E-05	0.159	deleterious(0.658)
.	17:40696245-40696245	A	missense_variant	MODERATE	NAGLU	ENSG00000108784	2322	2221	741	G/S	Ggc/Agc	rs553153753	deleterious_low_confidence(0.04)	possibly_damaging(0.759)	2.47E-05	2.54E-05	0.159	deleterious(0.630)