Position_Ans,Chrom_Ans,RSID_Ans,Reference_Ans,Alternate_Ans,NAGLU Data_Ans,Consequence_Ans,Protein Consequence_Ans,Transcript Consequence_Ans,Region Annotation_Ans,Allele Frequency_Ans,chromosome,genesymbol,pred_index,model,probability,alt_type,AAE,snp_id,allele_ref,allele_alt,f_ClinVar,features,coverage,gt/freq(var),filename
40688337,17,.,C,T,A16V,p.Ala16Val,p.Ala16Val,c.47C>T,missense,0.01351,17,NAGLU<br>compound,polymorphism,simple_aae,1.0,single base exchange,A16V,575956298.0,C,T,nan,protein features affected,2.0,het,
40688640,17,.,T,C,V117A,p.Val117Ala,p.Val117Ala,c.350T>C,missense,0.0001234,17,NAGLU<br>compound,disease_causing,simple_aae,0.8089569999999999,single base exchange,V117A,,T,C,nan,nan,2.0,het,
40688642,17,.,C,T,P118S,p.Pro118Ser,p.Pro118Ser,c.352C>T,missense,0.00012319999999999999,17,NAGLU<br>compound,disease_causing,simple_aae,0.753688,single base exchange,P118S,,C,T,nan,nan,2.0,het,
40689424,17,.,A,C,Y131S,p.Tyr131Ser,p.Tyr131Ser,c.392A>C,missense,8.248e-06,17,NAGLU<br>compound,disease_causing,simple_aae,0.999922,single base exchange,Y131S,,A,C,nan,splicing affected; protein features affected,2.0,het,
40689436,17,.,T,G,V135G,p.Val135Gly,p.Val135Gly,c.404T>G,missense,1.649e-05,17,NAGLU<br>compound,disease_causing,simple_aae,1.0,single base exchange,V135G,,T,G,nan,splicing affected; protein features affected,2.0,het,
40689442,17,.,C,T,T137M,p.Thr137Met,p.Thr137Met,c.410C>T,missense,2.474e-05,17,NAGLU<br>compound,disease_causing,simple_aae,0.999999,single base exchange,T137M,534663244.0,C,T,nan,nan,2.0,het,
40689453,17,rs61737294,T,A,S141T,p.Ser141Thr,p.Ser141Thr,c.421T>A,missense,0.0063479999999999995,17,NAGLU<br>compound,polymorphism_automatic,simple_aae,1.8480200000000003e-06,single base exchange,S141T,61737294.0,T,A,nan,splicing affected; protein features affected,2.0,het,
40689487,17,rs141018386,G,A,R152Q,p.Arg152Gln,p.Arg152Gln,c.455G>A,missense,1.65e-05,17,NAGLU<br>compound,polymorphism,simple_aae,0.9999959999999999,single base exchange,R152Q,141018386.0,G,A,nan,splicing affected; protein features affected,2.0,het,
40689493,17,.,T,C,I154T,p.Ile154Thr,p.Ile154Thr,c.461T>C,missense,8.252e-06,17,NAGLU<br>compound,disease_causing,simple_aae,0.999718,single base exchange,I154T,,T,C,nan,splicing affected; protein features affected,2.0,het,
40689504,17,.,G,T,A158S,p.Ala158Ser,p.Ala158Ser,c.472G>T,missense,8.256e-06,17,NAGLU<br>compound,disease_causing,simple_aae,1.0,single base exchange,A158S,542076832.0,G,T,nan,splicing affected; protein features affected,2.0,het,
40689538,17,.,G,A,S169N,p.Ser169Asn,p.Ser169Asn,c.506G>A,missense,8.283e-06,17,NAGLU<br>compound,polymorphism,simple_aae,0.999991,single base exchange,S169N,,G,A,nan,splicing affected; protein features affected,2.0,het,
40690367,17,rs149859697,C,A,A181D,p.Ala181Asp,p.Ala181Asp,c.542C>A,missense,4.951e-05,17,NAGLU<br>compound,disease_causing,simple_aae,0.525349,single base exchange,A181D,149859697.0,C,A,nan,nan,2.0,het,
40690373,17,.,G,C,G183A,p.Gly183Ala,p.Gly183Ala,c.548G>C,missense,8.252e-06,17,NAGLU<br>compound,disease_causing,simple_aae,1.0,single base exchange,G183A,541061018.0,G,C,nan,splicing affected; protein features affected,2.0,het,
40690394,17,.,A,G,N190S,p.Asn190Ser,p.Asn190Ser,c.569A>G,missense,2.475e-05,17,NAGLU<br>compound,polymorphism,simple_aae,1.0,single base exchange,N190S,375458666.0,A,G,nan,splicing affected; protein features affected,2.0,het,
40690401,17,.,C,A,F192L,p.Phe192Leu,p.Phe192Leu,c.576C>A,missense,2.476e-05,17,NAGLU<br>compound,disease_causing,simple_aae,0.999006,single base exchange,F192L,,C,A,nan,splicing affected; protein features affected,2.0,het,
40690418,17,.,T,A,F198Y,p.Phe198Tyr,p.Phe198Tyr,c.593T>A,missense,9.084e-05,17,NAGLU<br>compound,disease_causing,simple_aae,0.9999889999999999,single base exchange,F198Y,,T,A,nan,splicing affected; protein features affected,2.0,het,
40690429,17,.,G,A,G202R,p.Gly202Arg,p.Gly202Arg,c.604G>A,missense,8.263999999999999e-06,17,NAGLU<br>compound,disease_causing,simple_aae,0.9314479999999999,single base exchange,G202R,,G,A,nan,splicing affected; protein features affected,2.0,het,
40690437,17,.,G,T,M204I,p.Met204Ile,p.Met204Ile,c.612G>T,missense,8.267e-06,17,NAGLU<br>compound,disease_causing,simple_aae,1.0,single base exchange,M204I,374904049.0,G,T,nan,splicing affected; protein features affected,2.0,het,
40690456,17,rs145452809,G,A,D211N,p.Asp211Asn,p.Asp211Asn,c.631G>A,missense,9.952e-05,17,NAGLU<br>compound,disease_causing,simple_aae,0.879566,single base exchange,D211N,145452809.0,G,A,nan,nan,2.0,het,
40690471,17,.,C,T,P216S,p.Pro216Ser,p.Pro216Ser,c.646C>T,missense,1.664e-05,17,NAGLU<br>compound,polymorphism,simple_aae,1.0,single base exchange,P216S,,C,T,nan,splicing affected; protein features affected,2.0,het,
40690472,17,.,C,G,P216R,p.Pro216Arg,p.Pro216Arg,c.647C>G,missense,8.321e-06,17,NAGLU<br>compound,polymorphism,simple_aae,0.9999959999999999,single base exchange,P216R,,C,G,nan,nan,2.0,het,
40690489,17,.,C,G,Q222E,p.Gln222Glu,p.Gln222Glu,c.664C>G,missense,8.354e-06,17,NAGLU<br>compound,disease_causing,simple_aae,0.9993920000000001,single base exchange,Q222E,,C,G,nan,splicing affected; protein features affected,2.0,het,
40690496,17,.,A,G,Y224C,p.Tyr224Cys,p.Tyr224Cys,c.671A>G,missense,8.389e-06,17,NAGLU<br>compound,disease_causing,simple_aae,0.990361,single base exchange,Y224C,,A,G,nan,splicing affected; protein features affected,2.0,het,
40690691,17,.,C,T,R228W,p.Arg228Trp,p.Arg228Trp,c.682C>T,missense,8.317999999999999e-06,17,NAGLU<br>compound,disease_causing,simple_aae,0.948716,single base exchange,R228W,368907396.0,C,T,nan,nan,2.0,het,
40690692,17,rs146456266,G,A,R228Q,p.Arg228Gln,p.Arg228Gln,c.683G>A,missense,3.327e-05,17,NAGLU<br>compound,disease_causing,simple_aae,0.538874,single base exchange,R228Q,146456266.0,G,A,nan,splicing affected; protein features affected,2.0,het,
40690719,17,.,G,A,G237D,p.Gly237Asp,p.Gly237Asp,c.710G>A,missense,8.33e-06,17,NAGLU<br>compound,disease_causing,simple_aae,1.0,single base exchange,G237D,,G,A,nan,splicing affected; protein features affected,2.0,het,
40690736,17,.,C,T,P243S,p.Pro243Ser,p.Pro243Ser,c.727C>T,missense,8.345e-06,17,NAGLU<br>compound,disease_causing,simple_aae,1.0,single base exchange,P243S,,C,T,nan,splicing affected; protein features affected,2.0,het,
40690739,17,.,G,A,A244T,p.Ala244Thr,p.Ala244Thr,c.730G>A,missense,8.349e-06,17,NAGLU<br>compound,disease_causing,simple_aae,0.999948,single base exchange,A244T,,G,A,nan,splicing affected; protein features affected,2.0,het,
40690760,17,.,G,A,E251K,p.Glu251Lys,p.Glu251Lys,c.751G>A,missense,8.383e-06,17,NAGLU<br>compound,polymorphism,simple_aae,0.9874139999999999,single base exchange,E251K,,G,A,nan,splicing affected; protein features affected,2.0,het,
40690766,17,.,G,A,V253I,p.Val253Ile,p.Val253Ile,c.757G>A,missense,1.6800000000000002e-05,17,NAGLU<br>compound,polymorphism,simple_aae,0.9999950000000001,single base exchange,V253I,,G,A,nan,splicing affected; protein features affected,2.0,het,
40690770,17,.,C,T,T254I,p.Thr254Ile,p.Thr254Ile,c.761C>T,missense,8.407000000000001e-06,17,NAGLU<br>compound,disease_causing,simple_aae,0.735314,single base exchange,T254I,,C,T,nan,splicing affected; protein features affected,2.0,het,
40692981,17,.,G,A,V260I,p.Val260Ile,p.Val260Ile,c.778G>A,missense,8.237000000000001e-06,17,NAGLU<br>compound,polymorphism,simple_aae,0.9892190000000001,single base exchange,V260I,,G,A,nan,splicing affected; protein features affected,2.0,het,
40692985,17,.,A,G,N261S,p.Asn261Ser,p.Asn261Ser,c.782A>G,missense,3.295e-05,17,NAGLU<br>compound,disease_causing,simple_aae,0.674214,single base exchange,N261S,,A,G,nan,splicing affected; protein features affected,2.0,het,
40692991,17,.,C,T,T263M,p.Thr263Met,p.Thr263Met,c.788C>T,missense,3.295e-05,17,NAGLU<br>compound,disease_causing,simple_aae,0.893827,single base exchange,T263M,,C,T,nan,nan,2.0,het,
40693009,17,.,G,A,G269D,p.Gly269Asp,p.Gly269Asp,c.806G>A,missense,8.237000000000001e-06,17,NAGLU<br>compound,disease_causing,simple_aae,0.518451,single base exchange,G269D,,G,A,nan,splicing affected; protein features affected,2.0,het,
40693020,17,.,T,C,C273R,p.Cys273Arg,p.Cys273Arg,c.817T>C,missense,1.647e-05,17,NAGLU<br>compound,disease_causing,simple_aae,1.0,single base exchange,C273R,,T,C,nan,nan,2.0,het,
40693030,17,.,C,T,S276F,p.Ser276Phe,p.Ser276Phe,c.827C>T,missense,8.237000000000001e-06,17,NAGLU<br>compound,disease_causing,simple_aae,0.9999629999999999,single base exchange,S276F,,C,T,nan,splicing affected; protein features affected,2.0,het,
40693045,17,.,T,C,L281P,p.Leu281Pro,p.Leu281Pro,c.842T>C,missense,8.236e-06,17,NAGLU<br>compound,disease_causing,simple_aae,1.0,single base exchange,L281P,,T,C,nan,nan,2.0,het,
40693051,17,.,C,T,P283L,p.Pro283Leu,p.Pro283Leu,c.848C>T,missense,8.236e-06,17,NAGLU<br>compound,disease_causing,simple_aae,1.0,single base exchange,P283L,,C,T,nan,nan,2.0,het,
40693071,17,.,A,G,I290V,p.Ile290Val,p.Ile290Val,c.868A>G,missense,8.237000000000001e-06,17,NAGLU<br>compound,polymorphism,simple_aae,1.0,single base exchange,I290V,,A,G,nan,splicing affected; protein features affected,2.0,het,
40693074,17,.,A,C,I291L,p.Ile291Leu,p.Ile291Leu,c.871A>C,missense,9.884e-05,17,NAGLU<br>compound,polymorphism,simple_aae,0.998334,single base exchange,I291L,199625480.0,A,C,nan,splicing affected; protein features affected,2.0,het,
40693083,17,.,C,T,L294F,p.Leu294Phe,p.Leu294Phe,c.880C>T,missense,2.471e-05,17,NAGLU<br>compound,disease_causing,simple_aae,0.9928530000000001,single base exchange,L294F,,C,T,nan,splicing affected; protein features affected,2.0,het,
40693093,17,.,G,A,R297Q,p.Arg297Gln,p.Arg297Gln,c.890G>A,missense,2.471e-05,17,NAGLU<br>compound,polymorphism,simple_aae,0.8072159999999999,single base exchange,R297Q,200625281.0,G,A,nan,splicing affected; protein features affected,2.0,het,
40693102,17,.,T,C,I300T,p.Ile300Thr,p.Ile300Thr,c.899T>C,missense,2.471e-05,17,NAGLU<br>compound,polymorphism,simple_aae,0.9828370000000001,single base exchange,I300T,371351618.0,T,C,nan,splicing affected; protein features affected,2.0,het,
40693120,17,.,A,G,D306G,p.Asp306Gly,p.Asp306Gly,c.917A>G,missense,8.239e-06,17,NAGLU<br>compound,disease_causing,simple_aae,0.999527,single base exchange,D306G,,A,G,nan,splicing affected; protein features affected,2.0,het,
40693126,17,.,T,C,I308T,p.Ile308Thr,p.Ile308Thr,c.923T>C,missense,8.239e-06,17,NAGLU<br>compound,disease_causing,simple_aae,0.999233,single base exchange,I308T,,T,C,nan,splicing affected; protein features affected,2.0,het,
40693132,17,.,G,T,G310V,p.Gly310Val,p.Gly310Val,c.929G>T,missense,8.239e-06,17,NAGLU<br>compound,disease_causing,simple_aae,0.999999,single base exchange,G310V,,G,T,nan,splicing affected; protein features affected,2.0,het,
40693132,17,.,G,C,G310A,p.Gly310Ala,p.Gly310Ala,c.929G>C,missense,8.239e-06,17,NAGLU<br>compound,disease_causing,simple_aae,0.999999,single base exchange,G310V,,G,T,nan,splicing affected; protein features affected,2.0,het,
40693168,17,.,C,T,S322L,p.Ser322Leu,p.Ser322Leu,c.965C>T,missense,8.247e-06,17,NAGLU<br>compound,disease_causing,simple_aae,0.957167,single base exchange,S322L,,C,T,nan,splicing affected; protein features affected,2.0,het,
40693182,17,.,C,T,L327F,p.Leu327Phe,p.Leu327Phe,c.979C>T,missense,8.258e-06,17,NAGLU<br>compound,disease_causing,simple_aae,0.999949,single base exchange,L327F,,C,T,nan,splicing affected; protein features affected,2.0,het,
40693188,17,.,G,A,A329T,p.Ala329Thr,p.Ala329Thr,c.985G>A,missense,8.263999999999999e-06,17,NAGLU<br>compound,polymorphism,simple_aae,0.9999610000000001,single base exchange,A329T,,G,A,nan,splicing affected; protein features affected,2.0,het,
40693198,17,.,C,T,T332I,p.Thr332Ile,p.Thr332Ile,c.995C>T,missense,8.267e-06,17,NAGLU<br>compound,polymorphism,simple_aae,1.0,single base exchange,T332I,,C,T,nan,nan,2.0,het,
40693203,17,.,G,A,V334I,p.Val334Ile,p.Val334Ile,c.1000G>A,missense,8.271000000000001e-06,17,NAGLU<br>compound,disease_causing,simple_aae,0.862268,single base exchange,V334I,,G,A,nan,splicing affected; protein features affected,2.0,het,
40693217,17,.,G,A,M338I,p.Met338Ile,p.Met338Ile,c.1014G>A,missense,8.28e-06,17,NAGLU<br>compound,disease_causing,simple_aae,0.999999,single base exchange,M338I,,G,A,nan,splicing affected; protein features affected,2.0,het,
40693218,17,.,A,C,T339P,p.Thr339Pro,p.Thr339Pro,c.1015A>C,missense,8.282e-06,17,NAGLU<br>compound,polymorphism,simple_aae,0.999705,single base exchange,T339P,,A,C,nan,splicing affected; protein features affected,2.0,het,
40693221,17,.,G,A,A340T,p.Ala340Thr,p.Ala340Thr,c.1018G>A,missense,8.283999999999999e-06,17,NAGLU<br>compound,polymorphism,simple_aae,1.0,single base exchange,A340T,,G,A,nan,splicing affected; protein features affected,2.0,het,
40695069,17,.,C,T,L349F,p.Leu349Phe,p.Leu349Phe,c.1045C>T,missense,8.636e-06,17,NAGLU<br>compound,disease_causing,simple_aae,0.99824,single base exchange,L349F,,C,T,nan,splicing affected; protein features affected,2.0,het,
40695076,17,.,G,C,G351A,p.Gly351Ala,p.Gly351Ala,c.1052G>C,missense,8.626e-06,17,NAGLU<br>compound,disease_causing,simple_aae,0.999885,single base exchange,G351A,376582504.0,G,C,nan,splicing affected; protein features affected,2.0,het,
40695085,17,.,T,C,F354S,p.Phe354Ser,p.Phe354Ser,c.1061T>C,missense,1.724e-05,17,NAGLU<br>compound,disease_causing,simple_aae,0.999999,single base exchange,F354S,,T,C,nan,splicing affected; protein features affected,2.0,het,
40695087,17,.,C,A,Q355K,p.Gln355Lys,p.Gln355Lys,c.1063C>A,missense,2.588e-05,17,NAGLU<br>compound,polymorphism,simple_aae,0.8362040000000001,single base exchange,Q355K,,C,A,nan,splicing affected; protein features affected,2.0,het,
40695106,17,.,G,C,W361S,p.Trp361Ser,p.Trp361Ser,c.1082G>C,missense,8.525e-06,17,NAGLU<br>compound,disease_causing,simple_aae,1.0,single base exchange,W361S,,G,C,nan,splicing affected; protein features affected,2.0,het,
40695122,17,.,C,G,I366M,p.Ile366Met,p.Ile366Met,c.1098C>G,missense,8.479e-06,17,NAGLU<br>compound,polymorphism,simple_aae,0.999999,single base exchange,I366M,,C,G,nan,splicing affected; protein features affected,2.0,het,
40695129,17,.,G,T,V369L,p.Val369Leu,p.Val369Leu,c.1105G>T,missense,8.455e-06,17,NAGLU<br>compound,disease_causing,simple_aae,0.585376,single base exchange,V369L,,G,T,nan,nan,2.0,het,
40695144,17,.,C,T,P374S,p.Pro374Ser,p.Pro374Ser,c.1120C>T,missense,8.412e-06,17,NAGLU<br>compound,disease_causing,simple_aae,1.0,single base exchange,P374S,,C,T,nan,splicing affected; protein features affected,2.0,het,
40695147,17,.,C,T,R375C,p.Arg375Cys,p.Arg375Cys,c.1123C>T,missense,8.408e-06,17,NAGLU<br>compound,polymorphism,simple_aae,0.999999,single base exchange,R375C,534847909.0,C,T,nan,nan,2.0,het,
40695148,17,.,G,A,R375H,p.Arg375His,p.Arg375His,c.1124G>A,missense,2.52e-05,17,NAGLU<br>compound,polymorphism,simple_aae,1.0,single base exchange,R375H,,G,A,nan,nan,2.0,het,
40695153,17,.,C,T,R377C,p.Arg377Cys,p.Arg377Cys,c.1129C>T,missense,8.38e-06,17,NAGLU<br>compound,disease_causing,simple_aae,0.999942,single base exchange,R377C,,C,T,nan,splicing affected; protein features affected,2.0,het,
40695154,17,.,G,A,R377H,p.Arg377His,p.Arg377His,c.1130G>A,missense,2.513e-05,17,NAGLU<br>compound,disease_causing,simple_aae,0.9852280000000001,single base exchange,R377H,199850748.0,G,A,nan,splicing affected; protein features affected,2.0,het,
40695178,17,.,C,T,A385V,p.Ala385Val,p.Ala385Val,c.1154C>T,missense,8.317e-06,17,NAGLU<br>compound,disease_causing,simple_aae,0.999983,single base exchange,A385V,,C,T,nan,splicing affected; protein features affected,2.0,het,
40695180,17,.,G,A,E386K,p.Glu386Lys,p.Glu386Lys,c.1156G>A,missense,8.314e-06,17,NAGLU<br>compound,disease_causing,simple_aae,0.999993,single base exchange,E386K,,G,A,nan,nan,2.0,het,
40695202,17,.,G,A,R393H,p.Arg393His,p.Arg393His,c.1178G>A,missense,8.286e-06,17,NAGLU<br>compound,polymorphism,simple_aae,1.0,single base exchange,R393H,,G,A,nan,nan,2.0,het,
40695216,17,.,C,A,Q398K,p.Gln398Lys,p.Gln398Lys,c.1192C>A,missense,8.279e-05,17,NAGLU<br>compound,polymorphism,simple_aae,0.930725,single base exchange,Q398K,553293896.0,C,A,nan,splicing affected; protein features affected,2.0,het,
40695220,17,.,G,T,G399V,p.Gly399Val,p.Gly399Val,c.1196G>T,missense,8.276e-06,17,NAGLU<br>compound,disease_causing,simple_aae,1.0,single base exchange,G399V,,G,T,nan,splicing affected; protein features affected,2.0,het,
40695236,17,.,G,C,W404C,p.Trp404Cys,p.Trp404Cys,c.1212G>C,missense,2.482e-05,17,NAGLU<br>compound,disease_causing,simple_aae,1.0,single base exchange,W404C,,G,C,nan,splicing affected; protein features affected,2.0,het,
40695246,17,.,C,T,H408Y,p.His408Tyr,p.His408Tyr,c.1222C>T,missense,1.655e-05,17,NAGLU<br>compound,disease_causing,simple_aae,0.99998,single base exchange,H408Y,,C,T,nan,splicing affected; protein features affected,2.0,het,
40695285,17,.,G,A,E421K,p.Glu421Lys,p.Glu421Lys,c.1261G>A,missense,8.296e-06,17,NAGLU<br>compound,disease_causing,simple_aae,0.9999520000000001,single base exchange,E421K,,G,A,nan,splicing affected; protein features affected,2.0,het,
40695301,17,.,G,C,G426A,p.Gly426Ala,p.Gly426Ala,c.1277G>C,missense,8.316e-06,17,NAGLU<br>compound,disease_causing,simple_aae,1.0,single base exchange,G426A,,G,C,nan,splicing affected; protein features affected,2.0,het,
40695315,17,.,C,T,R431C,p.Arg431Cys,p.Arg431Cys,c.1291C>T,missense,8.342e-06,17,NAGLU<br>compound,disease_causing,simple_aae,0.9987739999999999,single base exchange,R431C,,C,T,nan,splicing affected; protein features affected,2.0,het,
40695328,17,.,A,C,N435T,p.Asn435Thr,p.Asn435Thr,c.1304A>C,missense,8.378e-06,17,NAGLU<br>compound,disease_causing,simple_aae,0.9999889999999999,single base exchange,N435T,,A,C,nan,splicing affected; protein features affected,2.0,het,
40695334,17,.,C,G,T437S,p.Thr437Ser,p.Thr437Ser,c.1310C>G,missense,6.745e-05,17,NAGLU<br>compound,polymorphism,simple_aae,0.622831,single base exchange,T437S,,C,G,nan,splicing affected; protein features affected,2.0,het,
40695346,17,rs138695961,C,T,T441M,p.Thr441Met,p.Thr441Met,c.1322C>T,missense,0.0002154,17,NAGLU<br>compound,disease_causing,simple_aae,0.9713639999999999,single base exchange,T441M,138695961.0,C,T,nan,splicing affected; protein features affected,2.0,het,
40695355,17,.,C,T,A444V,p.Ala444Val,p.Ala444Val,c.1331C>T,missense,6.232e-05,17,NAGLU<br>compound,polymorphism,simple_aae,0.999599,single base exchange,A444V,,C,T,nan,nan,2.0,het,
40695355,17,.,C,A,A444D,p.Ala444Asp,p.Ala444Asp,c.1331C>A,missense,8.902e-06,17,NAGLU<br>compound,polymorphism,simple_aae,0.999599,single base exchange,A444V,,C,T,nan,nan,2.0,het,
40695357,17,.,C,T,P445S,p.Pro445Ser,p.Pro445Ser,c.1333C>T,missense,1.783e-05,17,NAGLU<br>compound,disease_causing,simple_aae,0.9998940000000001,single base exchange,P445S,,C,T,nan,nan,2.0,het,
40695370,17,rs114605439,G,A,S449N,p.Ser449Asn,p.Ser449Asn,c.1346G>A,missense,0.00032089999999999994,17,NAGLU<br>compound,polymorphism,simple_aae,0.999999,single base exchange,S449N,114605439.0,G,A,nan,splicing affected; protein features affected,2.0,het,
40695384,17,.,G,T,V454F,p.Val454Phe,p.Val454Phe,c.1360G>T,missense,9.952e-06,17,NAGLU<br>compound,disease_causing,simple_aae,0.992453,single base exchange,V454F,,G,T,nan,splicing affected; protein features affected,2.0,het,
40695388,17,.,A,C,Y455S,p.Tyr455Ser,p.Tyr455Ser,c.1364A>C,missense,1.012e-05,17,NAGLU<br>compound,disease_causing,simple_aae,0.9999879999999999,single base exchange,Y455S,,A,C,nan,splicing affected; protein features affected,2.0,het,
40695391,17,.,C,T,S456F,p.Ser456Phe,p.Ser456Phe,c.1367C>T,missense,1.027e-05,17,NAGLU<br>compound,polymorphism,simple_aae,0.8578610000000001,single base exchange,S456F,,C,T,nan,splicing affected; protein features affected,2.0,het,
40695408,17,.,G,C,G462R,p.Gly462Arg,p.Gly462Arg,c.1384G>C,missense,1.117e-05,17,NAGLU<br>compound,disease_causing,simple_aae,0.998994,single base exchange,G462R,,G,C,nan,splicing affected; protein features affected,2.0,het,
40695415,17,.,G,A,R464Q,p.Arg464Gln,p.Arg464Gln,c.1391G>A,missense,0.0001508,17,NAGLU<br>compound,disease_causing,simple_aae,0.987124,single base exchange,R464Q,377282648.0,G,A,nan,splicing affected; protein features affected,2.0,het,
40695454,17,.,G,C,S477T,p.Ser477Thr,p.Ser477Thr,c.1430G>C,missense,6.523e-05,17,NAGLU<br>compound,polymorphism,simple_aae,1.0,single base exchange,S477T,369970264.0,G,C,nan,splicing affected; protein features affected,2.0,het,
40695459,17,.,G,A,A479T,p.Ala479Thr,p.Ala479Thr,c.1435G>A,missense,7.987e-05,17,NAGLU<br>compound,disease_causing,simple_aae,0.999207,single base exchange,A479T,202115696.0,G,A,nan,nan,2.0,het,
40695462,17,rs147293270,G,A,A480T,p.Ala480Thr,p.Ala480Thr,c.1438G>A,missense,0.001086,17,NAGLU<br>compound,polymorphism,simple_aae,1.0,single base exchange,A480T,147293270.0,G,A,nan,splicing affected; protein features affected,2.0,het,
40695465,17,.,C,T,R481W,p.Arg481Trp,p.Arg481Trp,c.1441C>T,missense,1.338e-05,17,NAGLU<br>compound,disease_causing,simple_aae,0.978957,single base exchange,R481W,,C,T,nan,splicing affected; protein features affected,2.0,het,
40695487,17,.,C,T,P488L,p.Pro488Leu,p.Pro488Leu,c.1463C>T,missense,1.336e-05,17,NAGLU<br>compound,polymorphism,simple_aae,1.0,single base exchange,P488L,,C,T,nan,nan,2.0,het,
40695492,17,.,G,A,A490T,p.Ala490Thr,p.Ala490Thr,c.1468G>A,missense,1.326e-05,17,NAGLU<br>compound,polymorphism,simple_aae,1.0,single base exchange,A490T,,G,A,nan,splicing affected; protein features affected,2.0,het,
40695496,17,.,G,C,G491A,p.Gly491Ala,p.Gly491Ala,c.1472G>C,missense,1.313e-05,17,NAGLU<br>compound,polymorphism,simple_aae,1.0,single base exchange,G491A,,G,C,nan,splicing affected; protein features affected,2.0,het,
40695502,17,.,C,T,A493V,p.Ala493Val,p.Ala493Val,c.1478C>T,missense,2.611e-05,17,NAGLU<br>compound,disease_causing,simple_aae,0.999999,single base exchange,A493V,,C,T,nan,splicing affected; protein features affected,2.0,het,
40695511,17,.,T,C,L496P,p.Leu496Pro,p.Leu496Pro,c.1487T>C,missense,3.841e-05,17,NAGLU<br>compound,disease_causing,simple_aae,1.0,single base exchange,L496P,569519789.0,T,C,nan,nan,2.0,het,
40695519,17,.,C,T,R499W,p.Arg499Trp,p.Arg499Trp,c.1495C>T,missense,6.336e-05,17,NAGLU<br>compound,polymorphism,simple_aae,1.0,single base exchange,R499W,200981229.0,C,T,nan,nan,2.0,het,
40695520,17,.,G,A,R499Q,p.Arg499Gln,p.Arg499Gln,c.1496G>A,missense,3.785e-05,17,NAGLU<br>compound,polymorphism,simple_aae,1.0,single base exchange,R499Q,368183484.0,G,A,nan,nan,2.0,het,
40695532,17,.,A,G,N503S,p.Asn503Ser,p.Asn503Ser,c.1508A>G,missense,1.221e-05,17,NAGLU<br>compound,disease_causing,simple_aae,0.999975,single base exchange,N503S,,A,G,nan,splicing affected; protein features affected,2.0,het,
40695541,17,.,G,A,G506E,p.Gly506Glu,p.Gly506Glu,c.1517G>A,missense,2.377e-05,17,NAGLU<br>compound,polymorphism,simple_aae,1.0,single base exchange,G506E,,G,A,nan,splicing affected; protein features affected,2.0,het,
40695550,17,.,G,A,C509Y,p.Cys509Tyr,p.Cys509Tyr,c.1526G>A,missense,1.15e-05,17,NAGLU<br>compound,disease_causing,simple_aae,0.68091,single base exchange,C509Y,372781575.0,G,A,nan,splicing affected; protein features affected,2.0,het,
40695562,17,.,A,G,N513S,p.Asn513Ser,p.Asn513Ser,c.1538A>G,missense,1.098e-05,17,NAGLU<br>compound,disease_causing,simple_aae,0.999735,single base exchange,N513S,200465065.0,A,G,nan,nan,2.0,het,
40695564,17,.,C,T,R514C,p.Arg514Cys,p.Arg514Cys,c.1540C>T,missense,2.187e-05,17,NAGLU<br>compound,disease_causing,simple_aae,1.0,single base exchange,R514C,,C,T,nan,splicing affected; protein features affected,2.0,het,
40695565,17,.,G,A,R514H,p.Arg514His,p.Arg514His,c.1541G>A,missense,6.521e-05,17,NAGLU<br>compound,disease_causing,simple_aae,0.982158,single base exchange,R514H,,G,A,nan,nan,2.0,het,
40695589,17,.,C,T,S522F,p.Ser522Phe,p.Ser522Phe,c.1565C>T,missense,9.353e-06,17,NAGLU<br>compound,disease_causing,simple_aae,1.0,single base exchange,S522F,,C,T,nan,nan,2.0,het,
40695595,17,.,A,G,Q524R,p.Gln524Arg,p.Gln524Arg,c.1571A>G,missense,2.734e-05,17,NAGLU<br>compound,polymorphism,simple_aae,0.9976010000000001,single base exchange,Q524R,,A,G,nan,nan,2.0,het,
40695622,17,.,G,A,R533Q,p.Arg533Gln,p.Arg533Gln,c.1598G>A,missense,8.755e-06,17,NAGLU<br>compound,polymorphism,simple_aae,0.934623,single base exchange,R533Q,,G,A,nan,splicing affected; protein features affected,2.0,het,
40695630,17,.,G,A,V536M,p.Val536Met,p.Val536Met,c.1606G>A,missense,8.715e-06,17,NAGLU<br>compound,disease_causing,simple_aae,0.95175,single base exchange,V536M,553158830.0,G,A,nan,splicing affected; protein features affected,2.0,het,
40695646,17,.,G,A,R541Q,p.Arg541Gln,p.Arg541Gln,c.1622G>A,missense,8.718999999999999e-06,17,NAGLU<br>compound,polymorphism,simple_aae,0.563005,single base exchange,R541Q,376300258.0,G,A,nan,nan,2.0,het,
40695649,17,.,T,C,L542P,p.Leu542Pro,p.Leu542Pro,c.1625T>C,missense,8.722e-06,17,NAGLU<br>compound,disease_causing,simple_aae,1.0,single base exchange,L542P,,T,C,nan,nan,2.0,het,
40695649,17,.,T,G,L542R,p.Leu542Arg,p.Leu542Arg,c.1625T>G,missense,8.722e-06,17,NAGLU<br>compound,disease_causing,simple_aae,1.0,single base exchange,L542P,,T,C,nan,nan,2.0,het,
40695663,17,.,G,A,A547T,p.Ala547Thr,p.Ala547Thr,c.1639G>A,missense,8.752e-06,17,NAGLU<br>compound,polymorphism,simple_aae,1.0,single base exchange,A547T,,G,A,nan,nan,2.0,het,
40695687,17,.,G,A,A555T,p.Ala555Thr,p.Ala555Thr,c.1663G>A,missense,0.000139,17,NAGLU<br>compound,polymorphism,simple_aae,0.999994,single base exchange,A555T,,G,A,nan,nan,2.0,het,
40695693,17,.,C,T,R557C,p.Arg557Cys,p.Arg557Cys,c.1669C>T,missense,8.676e-06,17,NAGLU<br>compound,disease_causing,simple_aae,1.0,single base exchange,R557C,,C,T,nan,splicing affected,2.0,het,
40695694,17,.,G,T,R557L,p.Arg557Leu,p.Arg557Leu,c.1670G>T,missense,1.735e-05,17,NAGLU<br>compound,disease_causing,simple_aae,0.9986870000000001,single base exchange,R557L,,G,T,nan,splicing affected,2.0,het,
40695699,17,.,G,C,D559H,p.Asp559His,p.Asp559His,c.1675G>C,missense,8.672000000000001e-06,17,NAGLU<br>compound,disease_causing,simple_aae,1.0,single base exchange,D559H,,G,C,nan,splicing affected,2.0,het,
40695699,17,.,G,A,D559N,p.Asp559Asn,p.Asp559Asn,c.1675G>A,missense,1.734e-05,17,NAGLU<br>compound,disease_causing,simple_aae,1.0,single base exchange,D559H,,G,C,nan,splicing affected,2.0,het,
40695712,17,.,T,A,L563H,p.Leu563His,p.Leu563His,c.1688T>A,missense,1.735e-05,17,NAGLU<br>compound,polymorphism,simple_aae,0.6244069999999999,single base exchange,L563H,,T,A,nan,splicing affected,2.0,het,
40695727,17,.,T,G,V568G,p.Val568Gly,p.Val568Gly,c.1703T>G,missense,6.096e-05,17,NAGLU<br>compound,polymorphism,simple_aae,0.999994,single base exchange,V568G,,T,G,nan,splicing affected,2.0,het,
40695741,17,.,A,G,S573G,p.Ser573Gly,p.Ser573Gly,c.1717A>G,missense,1.753e-05,17,NAGLU<br>compound,polymorphism,simple_aae,0.874099,single base exchange,S573G,369131160.0,A,G,nan,nan,2.0,het,
40695748,17,.,A,G,Y575C,p.Tyr575Cys,p.Tyr575Cys,c.1724A>G,missense,8.834e-06,17,NAGLU<br>compound,polymorphism,simple_aae,0.5699310000000001,single base exchange,Y575C,,A,G,nan,nan,2.0,het,
40695807,17,.,G,A,G595R,p.Gly595Arg,p.Gly595Arg,c.1783G>A,missense,3.204e-05,17,NAGLU<br>compound,disease_causing,simple_aae,0.9998969999999999,single base exchange,G595R,,G,A,nan,splicing affected,2.0,het,
40695810,17,.,G,T,G596C,p.Gly596Cys,p.Gly596Cys,c.1786G>T,missense,1.085e-05,17,NAGLU<br>compound,disease_causing,simple_aae,0.9999969999999999,single base exchange,G596C,,G,T,nan,nan,2.0,het,
40695813,17,rs143303303,G,A,V597I,p.Val597Ile,p.Val597Ile,c.1789G>A,missense,9.916e-05,17,NAGLU<br>compound,polymorphism,simple_aae,0.999991,single base exchange,V597I,,G,A,nan,nan,2.0,het,
40695813,17,rs143303303,G,C,V597L,p.Val597Leu,p.Val597Leu,c.1789G>C,missense,1.102e-05,17,NAGLU<br>compound,polymorphism,simple_aae,0.999991,single base exchange,V597I,,G,A,nan,nan,2.0,het,
40695846,17,.,G,A,E608K,p.Glu608Lys,p.Glu608Lys,c.1822G>A,missense,1.283e-05,17,NAGLU<br>compound,polymorphism,simple_aae,1.0,single base exchange,E608K,,G,A,nan,splicing affected,2.0,het,
40695867,17,.,C,T,R615C,p.Arg615Cys,p.Arg615Cys,c.1843C>T,missense,9.734e-05,17,NAGLU<br>compound,polymorphism,simple_aae,1.0,single base exchange,R615C,199729746.0,C,T,nan,splicing affected,2.0,het,
40695882,17,.,A,G,S620G,p.Ser620Gly,p.Ser620Gly,c.1858A>G,missense,1.381e-05,17,NAGLU<br>compound,polymorphism,simple_aae,0.996732,single base exchange,S620G,,A,G,nan,splicing affected,2.0,het,
40695900,17,rs104894591,C,G,R626G,p.Arg626Gly,p.Arg626Gly,c.1876C>G,missense,1.368e-05,17,NAGLU<br>compound,disease_causing_automatic,simple_aae,0.43103100000000005,single base exchange,R626G,,C,G,known disease mutation,nan,2.0,het,
40695901,17,.,G,A,R626Q,p.Arg626Gln,p.Arg626Gln,c.1877G>A,missense,6.808e-05,17,NAGLU<br>compound,polymorphism,simple_aae,0.9876,single base exchange,R626Q,376545731.0,G,A,nan,splicing affected,2.0,het,
40695904,17,rs140905880,C,T,A627V,p.Ala627Val,p.Ala627Val,c.1880C>T,missense,5.435e-05,17,NAGLU<br>compound,polymorphism,simple_aae,1.0,single base exchange,A627V,140905880.0,C,T,nan,splicing affected,2.0,het,
40695907,17,.,C,T,A628V,p.Ala628Val,p.Ala628Val,c.1883C>T,missense,2.709e-05,17,NAGLU<br>compound,polymorphism,simple_aae,1.0,single base exchange,A628V,535336259.0,C,T,nan,splicing affected,2.0,het,
40695912,17,.,G,A,V630I,p.Val630Ile,p.Val630Ile,c.1888G>A,missense,1.334e-05,17,NAGLU<br>compound,polymorphism,simple_aae,1.0,single base exchange,V630I,,G,A,nan,splicing affected,2.0,het,
40695913,17,.,T,G,V630G,p.Val630Gly,p.Val630Gly,c.1889T>G,missense,6.670000000000001e-05,17,NAGLU<br>compound,polymorphism,simple_aae,0.9996309999999999,single base exchange,V630G,,T,G,nan,splicing affected,2.0,het,
40695922,17,rs74729489,C,G,A633G,p.Ala633Gly,p.Ala633Gly,c.1898C>G,missense,1.327e-05,17,NAGLU<br>compound,polymorphism,simple_aae,1.0,single base exchange,A633G,74729489.0,C,G,nan,splicing affected,2.0,het,
40695930,17,.,G,A,D636N,p.Asp636Asn,p.Asp636Asn,c.1906G>A,missense,6.555e-05,17,NAGLU<br>compound,polymorphism,simple_aae,1.0,single base exchange,D636N,375068243.0,G,A,nan,splicing affected,2.0,het,
40695943,17,.,A,G,Q640R,p.Gln640Arg,p.Gln640Arg,c.1919A>G,missense,1.276e-05,17,NAGLU<br>compound,polymorphism,simple_aae,0.9084909999999999,single base exchange,Q640R,,A,G,nan,splicing affected,2.0,het,
40695958,17,.,A,C,Q645P,p.Gln645Pro,p.Gln645Pro,c.1934A>C,missense,1.193e-05,17,NAGLU<br>compound,disease_causing,simple_aae,0.9999950000000001,single base exchange,Q645P,,A,C,nan,nan,2.0,het,
40695970,17,.,G,C,W649S,p.Trp649Ser,p.Trp649Ser,c.1946G>C,missense,1.166e-05,17,NAGLU<br>compound,disease_causing_automatic,simple_aae,1.0,single base exchange,W649S,,G,C,known disease mutation,nan,2.0,het,
40696041,17,.,C,T,P673S,p.Pro673Ser,p.Pro673Ser,c.2017C>T,missense,1.028e-05,17,NAGLU<br>compound,polymorphism,simple_aae,0.9997950000000001,single base exchange,P673S,,C,T,nan,nan,2.0,het,
40696050,17,.,C,T,R676W,p.Arg676Trp,p.Arg676Trp,c.2026C>T,missense,1.004e-05,17,NAGLU<br>compound,polymorphism,simple_aae,0.996293,single base exchange,R676W,,C,T,nan,nan,2.0,het,
40696066,17,.,C,T,A681V,p.Ala681Val,p.Ala681Val,c.2042C>T,missense,9.461e-06,17,NAGLU<br>compound,polymorphism,simple_aae,1.0,single base exchange,A681V,540744217.0,C,T,nan,splicing affected,2.0,het,
40696081,17,.,T,C,V686A,p.Val686Ala,p.Val686Ala,c.2057T>C,missense,8.902e-06,17,NAGLU<br>compound,disease_causing,simple_aae,0.601394,single base exchange,V686A,,T,C,nan,nan,2.0,het,
40696087,17,.,A,G,Q688R,p.Gln688Arg,p.Gln688Arg,c.2063A>G,missense,8.762e-06,17,NAGLU<br>compound,polymorphism,simple_aae,1.0,single base exchange,Q688R,,A,G,nan,nan,2.0,het,
40696107,17,rs146582131,C,T,H695Y,p.His695Tyr,p.His695Tyr,c.2083C>T,missense,8.466e-06,17,NAGLU<br>compound,disease_causing,simple_aae,0.585847,single base exchange,H695Y,146582131.0,C,T,nan,splicing affected,2.0,het,
40696133,17,.,A,C,Q703H,p.Gln703His,p.Gln703His,c.2109A>C,missense,8.307999999999999e-06,17,NAGLU<br>compound,polymorphism,simple_aae,1.0,single base exchange,Q703H,,A,C,nan,splicing affected,2.0,het,
40696149,17,.,G,A,V709I,p.Val709Ile,p.Val709Ile,c.2125G>A,missense,8.281e-05,17,NAGLU<br>compound,polymorphism,simple_aae,0.970058,single base exchange,V709I,,G,A,nan,splicing affected,2.0,het,
40696152,17,.,C,G,L710V,p.Leu710Val,p.Leu710Val,c.2128C>G,missense,8.277e-06,17,NAGLU<br>compound,polymorphism,simple_aae,1.0,single base exchange,L710V,371348286.0,C,G,nan,nan,2.0,het,
40696165,17,.,G,T,R714M,p.Arg714Met,p.Arg714Met,c.2141G>T,missense,8.273e-06,17,NAGLU<br>compound,polymorphism,simple_aae,1.0,single base exchange,R714M,,G,T,nan,splicing affected,2.0,het,
40696178,17,.,G,C,Q718H,p.Gln718His,p.Gln718His,c.2154G>C,missense,8.275e-06,17,NAGLU<br>compound,disease_causing,simple_aae,0.544465,single base exchange,Q718H,,G,C,nan,splicing affected,2.0,het,
40696183,17,.,G,A,R720Q,p.Arg720Gln,p.Arg720Gln,c.2159G>A,missense,1.655e-05,17,NAGLU<br>compound,polymorphism,simple_aae,1.0,single base exchange,R720Q,,G,A,nan,splicing affected,2.0,het,
40696188,17,.,G,A,D722N,p.Asp722Asn,p.Asp722Asn,c.2164G>A,missense,0.00019869999999999998,17,NAGLU<br>compound,disease_causing,simple_aae,0.9888399999999999,single base exchange,D722N,367726645.0,G,A,nan,splicing affected,2.0,het,
40696209,17,rs144807822,A,C,K729Q,p.Lys729Gln,p.Lys729Gln,c.2185A>C,missense,5.803e-05,17,NAGLU<br>compound,polymorphism,simple_aae,0.990195,single base exchange,K729Q,144807822.0,A,C,nan,splicing affected,2.0,het,
40696210,17,.,A,G,K729R,p.Lys729Arg,p.Lys729Arg,c.2186A>G,missense,8.29e-06,17,NAGLU<br>compound,polymorphism,simple_aae,0.992721,single base exchange,K729R,,A,G,nan,splicing affected,2.0,het,
40696215,17,.,T,G,F731V,p.Phe731Val,p.Phe731Val,c.2191T>G,missense,1.659e-05,17,NAGLU<br>compound,disease_causing,simple_aae,0.999973,single base exchange,F731V,,T,G,nan,splicing affected,2.0,het,
40696231,17,.,C,T,P736L,p.Pro736Leu,p.Pro736Leu,c.2207C>T,missense,8.311e-06,17,NAGLU<br>compound,disease_causing,simple_aae,0.9999950000000001,single base exchange,P736L,,C,T,nan,splicing affected,2.0,het,
40696233,17,rs86312,C,A,R737S,p.Arg737Ser,p.Arg737Ser,c.2209C>A,missense,0.01924,17,NAGLU<br>compound,disease_causing,simple_aae,0.666075,single base exchange,R737C,,C,T,nan,splicing affected,2.0,het,
40696233,17,rs86312,C,G,R737G,p.Arg737Gly,p.Arg737Gly,c.2209C>G,missense,0.9055,17,NAGLU<br>compound,disease_causing,simple_aae,0.666075,single base exchange,R737C,,C,T,nan,splicing affected,2.0,het,
40696233,17,rs86312,C,T,R737C,p.Arg737Cys,p.Arg737Cys,c.2209C>T,missense,8.309e-06,17,NAGLU<br>compound,disease_causing,simple_aae,0.666075,single base exchange,R737C,,C,T,nan,splicing affected,2.0,het,
40696234,17,.,G,A,R737H,p.Arg737His,p.Arg737His,c.2210G>A,missense,8.432e-06,17,NAGLU<br>compound,polymorphism,simple_aae,0.999984,single base exchange,R737H,373898536.0,G,A,nan,splicing affected,2.0,het,
40696242,17,.,G,C,A740P,p.Ala740Pro,p.Ala740Pro,c.2218G>C,missense,5.927e-05,17,NAGLU<br>compound,polymorphism,simple_aae,1.0,single base exchange,A740P,,G,C,nan,splicing affected,2.0,het,
40696245,17,.,G,A,G741S,p.Gly741Ser,p.Gly741Ser,c.2221G>A,missense,2.543e-05,17,NAGLU<br>compound,polymorphism,simple_aae,1.0,single base exchange,G741S,553153753.0,G,A,nan,nan,2.0,het,
