Chrom,Position,RSID,REFERENCE,ALTERNATE,,,
17,40688337,.,C,T,.,.,.
17,40688640,.,T,C,.,.,.
17,40688642,.,C,T,.,.,.
17,40689424,.,A,C,.,.,.
17,40689436,.,T,G,.,.,.
17,40689442,.,C,T,.,.,.
17,40689453,rs61737294,T,A,.,.,.
17,40689487,rs141018386,G,A,.,.,.
17,40689493,.,T,C,.,.,.
17,40689504,.,G,T,.,.,.
17,40689538,.,G,A,.,.,.
17,40690367,rs149859697,C,A,.,.,.
17,40690373,.,G,C,.,.,.
17,40690394,.,A,G,.,.,.
17,40690401,.,C,A,.,.,.
17,40690418,.,T,A,.,.,.
17,40690429,.,G,A,.,.,.
17,40690437,.,G,T,.,.,.
17,40690456,rs145452809,G,A,.,.,.
17,40690471,.,C,T,.,.,.
17,40690472,.,C,G,.,.,.
17,40690489,.,C,G,.,.,.
17,40690496,.,A,G,.,.,.
17,40690691,.,C,T,.,.,.
17,40690692,rs146456266,G,A,.,.,.
17,40690719,.,G,A,.,.,.
17,40690736,.,C,T,.,.,.
17,40690739,.,G,A,.,.,.
17,40690760,.,G,A,.,.,.
17,40690766,.,G,A,.,.,.
17,40690770,.,C,T,.,.,.
17,40692981,.,G,A,.,.,.
17,40692985,.,A,G,.,.,.
17,40692991,.,C,T,.,.,.
17,40693009,.,G,A,.,.,.
17,40693020,.,T,C,.,.,.
17,40693030,.,C,T,.,.,.
17,40693045,.,T,C,.,.,.
17,40693051,.,C,T,.,.,.
17,40693071,.,A,G,.,.,.
17,40693074,.,A,C,.,.,.
17,40693083,.,C,T,.,.,.
17,40693093,.,G,A,.,.,.
17,40693102,.,T,C,.,.,.
17,40693120,.,A,G,.,.,.
17,40693126,.,T,C,.,.,.
17,40693132,.,G,T,.,.,.
17,40693132,.,G,C,.,.,.
17,40693168,.,C,T,.,.,.
17,40693182,.,C,T,.,.,.
17,40693188,.,G,A,.,.,.
17,40693198,.,C,T,.,.,.
17,40693203,.,G,A,.,.,.
17,40693217,.,G,A,.,.,.
17,40693218,.,A,C,.,.,.
17,40693221,.,G,A,.,.,.
17,40695069,.,C,T,.,.,.
17,40695076,.,G,C,.,.,.
17,40695085,.,T,C,.,.,.
17,40695087,.,C,A,.,.,.
17,40695106,.,G,C,.,.,.
17,40695122,.,C,G,.,.,.
17,40695129,.,G,T,.,.,.
17,40695144,.,C,T,.,.,.
17,40695147,.,C,T,.,.,.
17,40695148,.,G,A,.,.,.
17,40695153,.,C,T,.,.,.
17,40695154,.,G,A,.,.,.
17,40695178,.,C,T,.,.,.
17,40695180,.,G,A,.,.,.
17,40695202,.,G,A,.,.,.
17,40695216,.,C,A,.,.,.
17,40695220,.,G,T,.,.,.
17,40695236,.,G,C,.,.,.
17,40695246,.,C,T,.,.,.
17,40695285,.,G,A,.,.,.
17,40695301,.,G,C,.,.,.
17,40695315,.,C,T,.,.,.
17,40695328,.,A,C,.,.,.
17,40695334,.,C,G,.,.,.
17,40695346,rs138695961,C,T,.,.,.
17,40695355,.,C,T,.,.,.
17,40695355,.,C,A,.,.,.
17,40695357,.,C,T,.,.,.
17,40695370,rs114605439,G,A,.,.,.
17,40695384,.,G,T,.,.,.
17,40695388,.,A,C,.,.,.
17,40695391,.,C,T,.,.,.
17,40695408,.,G,C,.,.,.
17,40695415,.,G,A,.,.,.
17,40695454,.,G,C,.,.,.
17,40695459,.,G,A,.,.,.
17,40695462,rs147293270,G,A,.,.,.
17,40695465,.,C,T,.,.,.
17,40695487,.,C,T,.,.,.
17,40695492,.,G,A,.,.,.
17,40695496,.,G,C,.,.,.
17,40695502,.,C,T,.,.,.
17,40695511,.,T,C,.,.,.
17,40695519,.,C,T,.,.,.
17,40695520,.,G,A,.,.,.
17,40695532,.,A,G,.,.,.
17,40695541,.,G,A,.,.,.
17,40695550,.,G,A,.,.,.
17,40695562,.,A,G,.,.,.
17,40695564,.,C,T,.,.,.
17,40695565,.,G,A,.,.,.
17,40695589,.,C,T,.,.,.
17,40695595,.,A,G,.,.,.
17,40695622,.,G,A,.,.,.
17,40695630,.,G,A,.,.,.
17,40695646,.,G,A,.,.,.
17,40695649,.,T,C,.,.,.
17,40695649,.,T,G,.,.,.
17,40695663,.,G,A,.,.,.
17,40695687,.,G,A,.,.,.
17,40695693,.,C,T,.,.,.
17,40695694,.,G,T,.,.,.
17,40695699,.,G,C,.,.,.
17,40695699,.,G,A,.,.,.
17,40695712,.,T,A,.,.,.
17,40695727,.,T,G,.,.,.
17,40695741,.,A,G,.,.,.
17,40695748,.,A,G,.,.,.
17,40695807,.,G,A,.,.,.
17,40695810,.,G,T,.,.,.
17,40695813,rs143303303,G,A,.,.,.
17,40695813,rs143303303,G,C,.,.,.
17,40695846,.,G,A,.,.,.
17,40695867,.,C,T,.,.,.
17,40695882,.,A,G,.,.,.
17,40695900,rs104894591,C,G,.,.,.
17,40695901,.,G,A,.,.,.
17,40695904,rs140905880,C,T,.,.,.
17,40695907,.,C,T,.,.,.
17,40695912,.,G,A,.,.,.
17,40695913,.,T,G,.,.,.
17,40695922,rs74729489,C,G,.,.,.
17,40695930,.,G,A,.,.,.
17,40695943,.,A,G,.,.,.
17,40695958,.,A,C,.,.,.
17,40695970,.,G,C,.,.,.
17,40696041,.,C,T,.,.,.
17,40696050,.,C,T,.,.,.
17,40696066,.,C,T,.,.,.
17,40696081,.,T,C,.,.,.
17,40696087,.,A,G,.,.,.
17,40696107,rs146582131,C,T,.,.,.
17,40696133,.,A,C,.,.,.
17,40696149,.,G,A,.,.,.
17,40696152,.,C,G,.,.,.
17,40696165,.,G,T,.,.,.
17,40696178,.,G,C,.,.,.
17,40696183,.,G,A,.,.,.
17,40696188,.,G,A,.,.,.
17,40696209,rs144807822,A,C,.,.,.
17,40696210,.,A,G,.,.,.
17,40696215,.,T,G,.,.,.
17,40696231,.,C,T,.,.,.
17,40696233,rs86312,C,A,.,.,.
17,40696233,rs86312,C,G,.,.,.
17,40696233,rs86312,C,T,.,.,.
17,40696234,.,G,A,.,.,.
17,40696242,.,G,C,.,.,.
17,40696245,.,G,A,.,.,.