Location+Codons,Position_Ans,Chrom_Ans,RSID_Ans,Reference_Ans,Alternate_Ans,NAGLU Data_Ans,Consequence_Ans,Protein Consequence_Ans,Transcript Consequence_Ans,Region Annotation_Ans,Allele Frequency_Ans,Position,#Uploaded_variation,Location,Allele,Consequence,IMPACT,SYMBOL,Gene,cDNA_position,CDS_position,Protein_position,Amino_acids,Codons,Existing_variation,SIFT,PolyPhen,ExAC_AF,ExAC_Adj_AF,LoFtool,Condel
40688337CT,40688337,17,.,C,T,A16V,p.Ala16Val,p.Ala16Val,c.47C>T,missense,0.01351,40688337,.,17:40688337-40688337,T,missense_variant,MODERATE,NAGLU,ENSG00000108784,148,47,16,A/V,gCc/gTc,rs575956298,tolerated(0.39),unknown(0),2.05E-04,0.01351,0.159,-
40688640TC,40688640,17,.,T,C,V117A,p.Val117Ala,p.Val117Ala,c.350T>C,missense,0.0001234,40688640,.,17:40688640-40688640,C,missense_variant,MODERATE,NAGLU,ENSG00000108784,451,350,117,V/A,gTg/gCg,rs746682180,deleterious(0),possibly_damaging(0.595),1.14E-05,0.0001234,0.159,deleterious(0.650)
40688642CT,40688642,17,.,C,T,P118S,p.Pro118Ser,p.Pro118Ser,c.352C>T,missense,0.00012319999999999999,40688642,.,17:40688642-40688642,T,missense_variant,MODERATE,NAGLU,ENSG00000108784,453,352,118,P/S,Ccg/Tcg,rs770435689,tolerated(0.6),benign(0.004),1.14E-05,0.0001232,0.159,neutral(0.004)
40689424AC,40689424,17,.,A,C,Y131S,p.Tyr131Ser,p.Tyr131Ser,c.392A>C,missense,8.248e-06,40689424,.,17:40689424-40689424,C,missense_variant,MODERATE,NAGLU,ENSG00000108784,493,392,131,Y/S,tAt/tCt,rs762337946,deleterious(0),probably_damaging(0.998),8.24E-06,8.25E-06,0.159,deleterious(0.919)
40689436TG,40689436,17,.,T,G,V135G,p.Val135Gly,p.Val135Gly,c.404T>G,missense,1.649e-05,40689436,.,17:40689436-40689436,G,missense_variant,MODERATE,NAGLU,ENSG00000108784,505,404,135,V/G,gTg/gGg,"rs767776236,COSM2155887",deleterious(0.01),benign(0.35),1.65E-05,1.65E-05,0.159,deleterious(0.517)
40689442CT,40689442,17,.,C,T,T137M,p.Thr137Met,p.Thr137Met,c.410C>T,missense,2.474e-05,40689442,.,17:40689442-40689442,T,missense_variant,MODERATE,NAGLU,ENSG00000108784,511,410,137,T/M,aCg/aTg,"rs534663244,CD053586",deleterious(0),probably_damaging(0.998),2.47E-05,2.47E-05,0.159,deleterious(0.919)
40689453TA,40689453,17,rs61737294,T,A,S141T,p.Ser141Thr,p.Ser141Thr,c.421T>A,missense,0.0063479999999999995,40689453,rs61737294,17:40689453-40689453,A,missense_variant,MODERATE,NAGLU,ENSG00000108784,522,421,141,S/T,Tct/Act,rs61737294,tolerated(0.07),probably_damaging(0.951),6.34E-03,0.006348,0.159,deleterious(0.713)
40689487GA,40689487,17,rs141018386,G,A,R152Q,p.Arg152Gln,p.Arg152Gln,c.455G>A,missense,1.65e-05,40689487,rs141018386,17:40689487-40689487,A,missense_variant,MODERATE,NAGLU,ENSG00000108784,556,455,152,R/Q,cGa/cAa,rs141018386,tolerated(0.41),benign(0.037),1.65E-05,1.65E-05,0.159,neutral(0.017)
40689493TC,40689493,17,.,T,C,I154T,p.Ile154Thr,p.Ile154Thr,c.461T>C,missense,8.252e-06,40689493,.,17:40689493-40689493,C,missense_variant,MODERATE,NAGLU,ENSG00000108784,562,461,154,I/T,aTa/aCa,"rs770684838,CM023434",deleterious(0.01),probably_damaging(0.986),8.24E-06,8.25E-06,0.159,deleterious(0.840)
40689504GT,40689504,17,.,G,T,A158S,p.Ala158Ser,p.Ala158Ser,c.472G>T,missense,8.256e-06,40689504,.,17:40689504-40689504,T,missense_variant,MODERATE,NAGLU,ENSG00000108784,573,472,158,A/S,Gcg/Tcg,rs542076832,deleterious(0),probably_damaging(0.96),8.24E-06,8.26E-06,0.159,deleterious(0.848)
40689538GA,40689538,17,.,G,A,S169N,p.Ser169Asn,p.Ser169Asn,c.506G>A,missense,8.283e-06,40689538,.,17:40689538-40689538,A,missense_variant,MODERATE,NAGLU,ENSG00000108784,607,506,169,S/N,aGc/aAc,rs774419495,tolerated(0.29),benign(0.013),8.24E-06,8.28E-06,0.159,neutral(0.030)
40690367CA,40690367,17,rs149859697,C,A,A181D,p.Ala181Asp,p.Ala181Asp,c.542C>A,missense,4.951e-05,40690367,rs149859697,17:40690367-40690367,A,missense_variant,MODERATE,NAGLU,ENSG00000108784,643,542,181,A/D,gCc/gAc,rs149859697,tolerated(0.65),benign(0.371),4.94E-05,4.95E-05,0.159,neutral(0.121)
40690373GC,40690373,17,.,G,C,G183A,p.Gly183Ala,p.Gly183Ala,c.548G>C,missense,8.252e-06,40690373,.,17:40690373-40690373,C,missense_variant,MODERATE,NAGLU,ENSG00000108784,649,548,183,G/A,gGc/gCc,rs541061018,deleterious(0.01),probably_damaging(0.936),8.24E-06,8.25E-06,0.159,deleterious(0.787)
40690394AG,40690394,17,.,A,G,N190S,p.Asn190Ser,p.Asn190Ser,c.569A>G,missense,2.475e-05,40690394,.,17:40690394-40690394,G,missense_variant,MODERATE,NAGLU,ENSG00000108784,670,569,190,N/S,aAt/aGt,rs375458666,deleterious(0.03),benign(0.065),2.47E-05,2.48E-05,0.159,neutral(0.369)
40690401CA,40690401,17,.,C,A,F192L,p.Phe192Leu,p.Phe192Leu,c.576C>A,missense,2.476e-05,40690401,.,17:40690401-40690401,A,missense_variant,MODERATE,NAGLU,ENSG00000108784,677,576,192,F/L,ttC/ttA,"rs765009822,COSM979513",tolerated(0.09),benign(0.098),2.47E-05,2.48E-05,0.159,neutral(0.304)
40690418TA,40690418,17,.,T,A,F198Y,p.Phe198Tyr,p.Phe198Tyr,c.593T>A,missense,9.084e-05,40690418,.,17:40690418-40690418,A,missense_variant,MODERATE,NAGLU,ENSG00000108784,694,593,198,F/Y,tTc/tAc,rs752264680,deleterious(0.01),probably_damaging(0.958),9.06E-05,9.08E-05,0.159,deleterious(0.807)
40690429GA,40690429,17,.,G,A,G202R,p.Gly202Arg,p.Gly202Arg,c.604G>A,missense,8.263999999999999e-06,40690429,.,17:40690429-40690429,A,missense_variant,MODERATE,NAGLU,ENSG00000108784,705,604,202,G/R,Ggg/Agg,rs762576999,tolerated(0.42),possibly_damaging(0.493),8.24E-06,8.26E-06,0.159,neutral(0.179)
40690437GT,40690437,17,.,G,T,M204I,p.Met204Ile,p.Met204Ile,c.612G>T,missense,8.267e-06,40690437,.,17:40690437-40690437,T,missense_variant,MODERATE,NAGLU,ENSG00000108784,713,612,204,M/I,atG/atT,rs374904049,deleterious(0),benign(0.169),8.24E-06,8.27E-06,0.159,neutral(0.460)
40690456GA,40690456,17,rs145452809,G,A,D211N,p.Asp211Asn,p.Asp211Asn,c.631G>A,missense,9.952e-05,40690456,rs145452809,17:40690456-40690456,A,missense_variant,MODERATE,NAGLU,ENSG00000108784,732,631,211,D/N,Gat/Aat,rs145452809,deleterious(0),benign(0.102),9.88E-05,9.95E-05,0.159,neutral(0.453)
40690471CT,40690471,17,.,C,T,P216S,p.Pro216Ser,p.Pro216Ser,c.646C>T,missense,1.664e-05,40690471,.,17:40690471-40690471,T,missense_variant,MODERATE,NAGLU,ENSG00000108784,747,646,216,P/S,Ccc/Tcc,rs780975701,tolerated(0.69),benign(0.004),1.65E-05,1.66E-05,0.159,neutral(0.002)
40690472CG,40690472,17,.,C,G,P216R,p.Pro216Arg,p.Pro216Arg,c.647C>G,missense,8.321e-06,40690472,.,17:40690472-40690472,G,missense_variant,MODERATE,NAGLU,ENSG00000108784,748,647,216,P/R,cCc/cGc,rs750276054,tolerated(0.62),benign(0.002),8.24E-06,8.32E-06,0.159,neutral(0.004)
40690489CG,40690489,17,.,C,G,Q222E,p.Gln222Glu,p.Gln222Glu,c.664C>G,missense,8.354e-06,40690489,.,17:40690489-40690489,G,missense_variant,MODERATE,NAGLU,ENSG00000108784,765,664,222,Q/E,Cag/Gag,rs748295614,deleterious(0.03),benign(0.062),8.24E-06,8.35E-06,0.159,neutral(0.368)
40690496AG,40690496,17,.,A,G,Y224C,p.Tyr224Cys,p.Tyr224Cys,c.671A>G,missense,8.389e-06,40690496,.,17:40690496-40690496,G,missense_variant,MODERATE,NAGLU,ENSG00000108784,772,671,224,Y/C,tAc/tGc,rs772224894,tolerated(0.12),possibly_damaging(0.838),8.24E-06,8.39E-06,0.159,deleterious(0.581)
40690691CT,40690691,17,.,C,T,R228W,p.Arg228Trp,p.Arg228Trp,c.682C>T,missense,8.317999999999999e-06,40690691,.,17:40690691-40690691,T,missense_variant,MODERATE,NAGLU,ENSG00000108784,783,682,228,R/W,Cgg/Tgg,rs368907396,deleterious(0.02),benign(0.082),8.24E-06,8.32E-06,0.159,neutral(0.389)
40690692GA,40690692,17,rs146456266,G,A,R228Q,p.Arg228Gln,p.Arg228Gln,c.683G>A,missense,3.327e-05,40690692,rs146456266,17:40690692-40690692,A,missense_variant,MODERATE,NAGLU,ENSG00000108784,784,683,228,R/Q,cGg/cAg,"rs146456266,COSM4066572,COSM4753477",tolerated(0.64),benign(0.037),3.30E-05,3.33E-05,0.159,neutral(0.005)
40690719GA,40690719,17,.,G,A,G237D,p.Gly237Asp,p.Gly237Asp,c.710G>A,missense,8.33e-06,40690719,.,17:40690719-40690719,A,missense_variant,MODERATE,NAGLU,ENSG00000108784,811,710,237,G/D,gGc/gAc,rs775646404,deleterious(0),possibly_damaging(0.789),8.24E-06,8.33E-06,0.159,deleterious(0.740)
40690736CT,40690736,17,.,C,T,P243S,p.Pro243Ser,p.Pro243Ser,c.727C>T,missense,8.345e-06,40690736,.,17:40690736-40690736,T,missense_variant,MODERATE,NAGLU,ENSG00000108784,828,727,243,P/S,Cct/Tct,"rs768353229,COSM3717374",deleterious(0),probably_damaging(1),8.24E-06,8.35E-06,0.159,deleterious(0.945)
40690739GA,40690739,17,.,G,A,A244T,p.Ala244Thr,p.Ala244Thr,c.730G>A,missense,8.349e-06,40690739,.,17:40690739-40690739,A,missense_variant,MODERATE,NAGLU,ENSG00000108784,831,730,244,A/T,Gca/Aca,rs773988035,deleterious(0),probably_damaging(0.981),8.24E-06,8.35E-06,0.159,deleterious(0.870)
40690760GA,40690760,17,.,G,A,E251K,p.Glu251Lys,p.Glu251Lys,c.751G>A,missense,8.383e-06,40690760,.,17:40690760-40690760,A,missense_variant,MODERATE,NAGLU,ENSG00000108784,852,751,251,E/K,Gag/Aag,rs753634837,tolerated(1),benign(0.003),8.24E-06,8.38E-06,0.159,neutral(0.000)
40690766GA,40690766,17,.,G,A,V253I,p.Val253Ile,p.Val253Ile,c.757G>A,missense,1.6800000000000002e-05,40690766,.,17:40690766-40690766,A,missense_variant,MODERATE,NAGLU,ENSG00000108784,858,757,253,V/I,Gtc/Atc,rs764452721,tolerated(1),benign(0.009),1.65E-05,1.68E-05,0.159,neutral(0.001)
40690770CT,40690770,17,.,C,T,T254I,p.Thr254Ile,p.Thr254Ile,c.761C>T,missense,8.407000000000001e-06,40690770,.,17:40690770-40690770,T,missense_variant,MODERATE,NAGLU,ENSG00000108784,862,761,254,T/I,aCc/aTc,rs751812997,tolerated(0.21),benign(0.049),8.24E-06,8.41E-06,0.159,neutral(0.047)
40692981GA,40692981,17,.,G,A,V260I,p.Val260Ile,p.Val260Ile,c.778G>A,missense,8.237000000000001e-06,40692981,.,17:40692981-40692981,A,missense_variant,MODERATE,NAGLU,ENSG00000108784,879,778,260,V/I,Gtc/Atc,rs747812274,tolerated(0.14),benign(0.02),8.24E-06,8.24E-06,0.159,neutral(0.251)
40692985AG,40692985,17,.,A,G,N261S,p.Asn261Ser,p.Asn261Ser,c.782A>G,missense,3.295e-05,40692985,.,17:40692985-40692985,G,missense_variant,MODERATE,NAGLU,ENSG00000108784,883,782,261,N/S,aAt/aGt,rs771770163,tolerated(0.13),benign(0.052),3.30E-05,3.30E-05,0.159,neutral(0.256)
40692991CT,40692991,17,.,C,T,T263M,p.Thr263Met,p.Thr263Met,c.788C>T,missense,3.295e-05,40692991,.,17:40692991-40692991,T,missense_variant,MODERATE,NAGLU,ENSG00000108784,889,788,263,T/M,aCg/aTg,rs777479452,deleterious(0),probably_damaging(0.911),3.30E-05,3.30E-05,0.159,deleterious(0.807)
40693009GA,40693009,17,.,G,A,G269D,p.Gly269Asp,p.Gly269Asp,c.806G>A,missense,8.237000000000001e-06,40693009,.,17:40693009-40693009,A,missense_variant,MODERATE,NAGLU,ENSG00000108784,907,806,269,G/D,gGc/gAc,rs770456538,tolerated(0.1),benign(0.178),8.24E-06,8.24E-06,0.159,neutral(0.303)
40693020TC,40693020,17,.,T,C,C273R,p.Cys273Arg,p.Cys273Arg,c.817T>C,missense,1.647e-05,40693020,.,17:40693020-40693020,C,missense_variant,MODERATE,NAGLU,ENSG00000108784,918,817,273,C/R,Tgt/Cgt,rs759511446,tolerated(0.52),possibly_damaging(0.905),1.65E-05,1.65E-05,0.159,neutral(0.368)
40693030CT,40693030,17,.,C,T,S276F,p.Ser276Phe,p.Ser276Phe,c.827C>T,missense,8.237000000000001e-06,40693030,.,17:40693030-40693030,T,missense_variant,MODERATE,NAGLU,ENSG00000108784,928,827,276,S/F,tCc/tTc,rs769713129,deleterious(0.02),probably_damaging(0.987),8.24E-06,8.24E-06,0.159,deleterious(0.820)
40693045TC,40693045,17,.,T,C,L281P,p.Leu281Pro,p.Leu281Pro,c.842T>C,missense,8.236e-06,40693045,.,17:40693045-40693045,C,missense_variant,MODERATE,NAGLU,ENSG00000108784,943,842,281,L/P,cTg/cCg,rs762824649,deleterious(0),probably_damaging(0.989),8.24E-06,8.24E-06,0.159,deleterious(0.884)
40693051CT,40693051,17,.,C,T,P283L,p.Pro283Leu,p.Pro283Leu,c.848C>T,missense,8.236e-06,40693051,.,17:40693051-40693051,T,missense_variant,MODERATE,NAGLU,ENSG00000108784,949,848,283,P/L,cCg/cTg,rs750625891,deleterious(0.03),possibly_damaging(0.672),8.24E-06,8.24E-06,0.159,deleterious(0.603)
40693071AG,40693071,17,.,A,G,I290V,p.Ile290Val,p.Ile290Val,c.868A>G,missense,8.237000000000001e-06,40693071,.,17:40693071-40693071,G,missense_variant,MODERATE,NAGLU,ENSG00000108784,969,868,290,I/V,Atc/Gtc,rs766432675,tolerated(0.34),benign(0.004),8.24E-06,8.24E-06,0.159,neutral(0.023)
40693074AC,40693074,17,.,A,C,I291L,p.Ile291Leu,p.Ile291Leu,c.871A>C,missense,9.884e-05,40693074,.,17:40693074-40693074,C,missense_variant,MODERATE,NAGLU,ENSG00000108784,972,871,291,I/L,Atc/Ctc,rs199625480,tolerated(0.06),benign(0.052),9.88E-05,9.88E-05,0.159,neutral(0.326)
40693083CT,40693083,17,.,C,T,L294F,p.Leu294Phe,p.Leu294Phe,c.880C>T,missense,2.471e-05,40693083,.,17:40693083-40693083,T,missense_variant,MODERATE,NAGLU,ENSG00000108784,981,880,294,L/F,Ctc/Ttc,rs779380732,deleterious(0.04),possibly_damaging(0.878),2.47E-05,2.47E-05,0.159,deleterious(0.691)
40693093GA,40693093,17,.,G,A,R297Q,p.Arg297Gln,p.Arg297Gln,c.890G>A,missense,2.471e-05,40693093,.,17:40693093-40693093,A,missense_variant,MODERATE,NAGLU,ENSG00000108784,991,890,297,R/Q,cGa/cAa,rs200625281,tolerated(0.16),possibly_damaging(0.493),2.47E-05,2.47E-05,0.159,neutral(0.224)
40693102TC,40693102,17,.,T,C,I300T,p.Ile300Thr,p.Ile300Thr,c.899T>C,missense,2.471e-05,40693102,.,17:40693102-40693102,C,missense_variant,MODERATE,NAGLU,ENSG00000108784,1000,899,300,I/T,aTc/aCc,rs371351618,tolerated(0.79),benign(0.006),2.47E-05,2.47E-05,0.159,neutral(0.001)
40693120AG,40693120,17,.,A,G,D306G,p.Asp306Gly,p.Asp306Gly,c.917A>G,missense,8.239e-06,40693120,.,17:40693120-40693120,G,missense_variant,MODERATE,NAGLU,ENSG00000108784,1018,917,306,D/G,gAc/gGc,rs745809575,deleterious(0.01),probably_damaging(0.933),8.24E-06,8.24E-06,0.159,deleterious(0.784)
40693126TC,40693126,17,.,T,C,I308T,p.Ile308Thr,p.Ile308Thr,c.923T>C,missense,8.239e-06,40693126,.,17:40693126-40693126,C,missense_variant,MODERATE,NAGLU,ENSG00000108784,1024,923,308,I/T,aTc/aCc,rs769906383,deleterious(0),possibly_damaging(0.772),8.24E-06,8.24E-06,0.159,deleterious(0.732)
40693132GC,40693132,17,.,G,C,G310A,p.Gly310Ala,p.Gly310Ala,c.929G>C,missense,8.239e-06,40693132,.,17:40693132-40693132,C,missense_variant,MODERATE,NAGLU,ENSG00000108784,1030,929,310,G/A,gGg/gCg,rs775561029,deleterious(0.02),possibly_damaging(0.507),8.24E-06,8.24E-06,0.159,deleterious(0.552)
40693132GT,40693132,17,.,G,T,G310V,p.Gly310Val,p.Gly310Val,c.929G>T,missense,8.239e-06,40693132,.,17:40693132-40693132,T,missense_variant,MODERATE,NAGLU,ENSG00000108784,1030,929,310,G/V,gGg/gTg,rs775561029,deleterious(0),possibly_damaging(0.875),8.24E-06,8.24E-06,0.159,deleterious(0.784)
40693168CT,40693168,17,.,C,T,S322L,p.Ser322Leu,p.Ser322Leu,c.965C>T,missense,8.247e-06,40693168,.,17:40693168-40693168,T,missense_variant,MODERATE,NAGLU,ENSG00000108784,1066,965,322,S/L,tCa/tTa,rs766374195,deleterious(0),benign(0.363),8.24E-06,8.25E-06,0.159,deleterious(0.560)
40693182CT,40693182,17,.,C,T,L327F,p.Leu327Phe,p.Leu327Phe,c.979C>T,missense,8.258e-06,40693182,.,17:40693182-40693182,T,missense_variant,MODERATE,NAGLU,ENSG00000108784,1080,979,327,L/F,Ctt/Ttt,rs776750536,deleterious(0),probably_damaging(0.999),8.24E-06,8.26E-06,0.159,deleterious(0.935)
40693188GA,40693188,17,.,G,A,A329T,p.Ala329Thr,p.Ala329Thr,c.985G>A,missense,8.263999999999999e-06,40693188,.,17:40693188-40693188,A,missense_variant,MODERATE,NAGLU,ENSG00000108784,1086,985,329,A/T,Gca/Aca,rs765774149,tolerated(0.24),benign(0.192),8.24E-06,8.26E-06,0.159,neutral(0.055)
40693198CT,40693198,17,.,C,T,T332I,p.Thr332Ile,p.Thr332Ile,c.995C>T,missense,8.267e-06,40693198,.,17:40693198-40693198,T,missense_variant,MODERATE,NAGLU,ENSG00000108784,1096,995,332,T/I,aCt/aTt,rs758715395,tolerated(0.06),benign(0.071),8.24E-06,8.27E-06,0.159,neutral(0.328)
40693203GA,40693203,17,.,G,A,V334I,p.Val334Ile,p.Val334Ile,c.1000G>A,missense,8.271000000000001e-06,40693203,.,17:40693203-40693203,A,missense_variant,MODERATE,NAGLU,ENSG00000108784,1101,1000,334,V/I,Gtc/Atc,"rs749140168,CM992352,COSM269687",tolerated(0.22),possibly_damaging(0.448),8.24E-06,8.27E-06,0.159,neutral(0.189)
40693217GA,40693217,17,.,G,A,M338I,p.Met338Ile,p.Met338Ile,c.1014G>A,missense,8.28e-06,40693217,.,17:40693217-40693217,A,missense_variant,MODERATE,NAGLU,ENSG00000108784,1115,1014,338,M/I,atG/atA,rs745434298,tolerated(0.08),probably_damaging(0.919),8.24E-06,8.28E-06,0.159,deleterious(0.669)
40693218AC,40693218,17,.,A,C,T339P,p.Thr339Pro,p.Thr339Pro,c.1015A>C,missense,8.282e-06,40693218,.,17:40693218-40693218,C,missense_variant,MODERATE,NAGLU,ENSG00000108784,1116,1015,339,T/P,Act/Cct,rs755652019,deleterious(0.03),possibly_damaging(0.857),8.24E-06,8.28E-06,0.159,deleterious(0.696)
40693221GA,40693221,17,.,G,A,A340T,p.Ala340Thr,p.Ala340Thr,c.1018G>A,missense,8.283999999999999e-06,40693221,.,17:40693221-40693221,A,missense_variant,MODERATE,NAGLU,ENSG00000108784,1119,1018,340,A/T,Gca/Aca,rs780187288,tolerated(0.31),benign(0.05),8.24E-06,8.28E-06,0.159,neutral(0.030)
40695069CT,40695069,17,.,C,T,L349F,p.Leu349Phe,p.Leu349Phe,c.1045C>T,missense,8.636e-06,40695069,.,17:40695069-40695069,T,missense_variant,MODERATE,NAGLU,ENSG00000108784,1146,1045,349,L/F,Ctc/Ttc,rs746052542,deleterious(0.04),benign(0.097),8.24E-06,8.64E-06,0.159,neutral(0.356)
40695076GC,40695076,17,.,G,C,G351A,p.Gly351Ala,p.Gly351Ala,c.1052G>C,missense,8.626e-06,40695076,.,17:40695076-40695076,C,missense_variant,MODERATE,NAGLU,ENSG00000108784,1153,1052,351,G/A,gGc/gCc,rs376582504,deleterious(0.05),probably_damaging(0.997),8.24E-06,8.63E-06,0.159,deleterious(0.811)
40695085TC,40695085,17,.,T,C,F354S,p.Phe354Ser,p.Phe354Ser,c.1061T>C,missense,1.724e-05,40695085,.,17:40695085-40695085,C,missense_variant,MODERATE,NAGLU,ENSG00000108784,1162,1061,354,F/S,tTc/tCc,rs769268314,deleterious(0),probably_damaging(0.994),2.47E-05,1.72E-05,0.159,deleterious(0.897)
40695087CA,40695087,17,.,C,A,Q355K,p.Gln355Lys,p.Gln355Lys,c.1063C>A,missense,2.588e-05,40695087,.,17:40695087-40695087,A,missense_variant,MODERATE,NAGLU,ENSG00000108784,1164,1063,355,Q/K,Cag/Aag,rs774687078,tolerated(0.29),benign(0.068),2.47E-05,2.59E-05,0.159,neutral(0.034)
40695106GC,40695106,17,.,G,C,W361S,p.Trp361Ser,p.Trp361Ser,c.1082G>C,missense,8.525e-06,40695106,.,17:40695106-40695106,C,missense_variant,MODERATE,NAGLU,ENSG00000108784,1183,1082,361,W/S,tGg/tCg,rs753454744,deleterious(0),probably_damaging(1),8.24E-06,8.53E-06,0.159,deleterious(0.945)
40695122CG,40695122,17,.,C,G,I366M,p.Ile366Met,p.Ile366Met,c.1098C>G,missense,8.479e-06,40695122,.,17:40695122-40695122,G,missense_variant,MODERATE,NAGLU,ENSG00000108784,1199,1098,366,I/M,atC/atG,rs758217901,tolerated(0.34),benign(0.068),8.24E-06,8.48E-06,0.159,neutral(0.028)
40695129GT,40695129,17,.,G,T,V369L,p.Val369Leu,p.Val369Leu,c.1105G>T,missense,8.455e-06,40695129,.,17:40695129-40695129,T,missense_variant,MODERATE,NAGLU,ENSG00000108784,1206,1105,369,V/L,Gtg/Ttg,rs777474441,tolerated(1),benign(0.035),8.24E-06,8.46E-06,0.159,neutral(0.002)
40695144CT,40695144,17,.,C,T,P374S,p.Pro374Ser,p.Pro374Ser,c.1120C>T,missense,8.412e-06,40695144,.,17:40695144-40695144,T,missense_variant,MODERATE,NAGLU,ENSG00000108784,1221,1120,374,P/S,Ccc/Tcc,rs770055150,deleterious(0),probably_damaging(1),8.24E-06,8.41E-06,0.159,deleterious(0.945)
40695147CT,40695147,17,.,C,T,R375C,p.Arg375Cys,p.Arg375Cys,c.1123C>T,missense,8.408e-06,40695147,.,17:40695147-40695147,T,missense_variant,MODERATE,NAGLU,ENSG00000108784,1224,1123,375,R/C,Cgt/Tgt,rs534847909,tolerated(0.16),possibly_damaging(0.849),8.24E-06,8.41E-06,0.159,neutral(0.386)
40695148GA,40695148,17,.,G,A,R375H,p.Arg375His,p.Arg375His,c.1124G>A,missense,2.52e-05,40695148,.,17:40695148-40695148,A,missense_variant,MODERATE,NAGLU,ENSG00000108784,1225,1124,375,R/H,cGt/cAt,rs768600049,tolerated(0.52),benign(0.022),2.47E-05,2.52E-05,0.159,neutral(0.010)
40695153CT,40695153,17,.,C,T,R377C,p.Arg377Cys,p.Arg377Cys,c.1129C>T,missense,8.38e-06,40695153,.,17:40695153-40695153,T,missense_variant,MODERATE,NAGLU,ENSG00000108784,1230,1129,377,R/C,Cgc/Tgc,rs762372103,deleterious(0.01),benign(0.266),8.24E-06,8.38E-06,0.159,neutral(0.434)
40695154GA,40695154,17,.,G,A,R377H,p.Arg377His,p.Arg377His,c.1130G>A,missense,2.513e-05,40695154,.,17:40695154-40695154,A,missense_variant,MODERATE,NAGLU,ENSG00000108784,1231,1130,377,R/H,cGc/cAc,rs199850748,deleterious(0.05),benign(0.192),2.47E-05,2.51E-05,0.159,neutral(0.363)
40695178CT,40695178,17,.,C,T,A385V,p.Ala385Val,p.Ala385Val,c.1154C>T,missense,8.317e-06,40695178,.,17:40695178-40695178,T,missense_variant,MODERATE,NAGLU,ENSG00000108784,1255,1154,385,A/V,gCt/gTt,rs773653759,deleterious(0),probably_damaging(1),8.24E-06,8.32E-06,0.159,deleterious(0.945)
40695180GA,40695180,17,.,G,A,E386K,p.Glu386Lys,p.Glu386Lys,c.1156G>A,missense,8.314e-06,40695180,.,17:40695180-40695180,A,missense_variant,MODERATE,NAGLU,ENSG00000108784,1257,1156,386,E/K,Gag/Aag,"rs761107171,COSM346478",deleterious(0),probably_damaging(0.999),8.24E-06,8.31E-06,0.159,deleterious(0.935)
40695202GA,40695202,17,.,G,A,R393H,p.Arg393His,p.Arg393His,c.1178G>A,missense,8.286e-06,40695202,.,17:40695202-40695202,A,missense_variant,MODERATE,NAGLU,ENSG00000108784,1279,1178,393,R/H,cGc/cAc,rs753409259,tolerated(0.2),benign(0.056),8.24E-06,8.29E-06,0.159,neutral(0.053)
40695216CA,40695216,17,.,C,A,Q398K,p.Gln398Lys,p.Gln398Lys,c.1192C>A,missense,8.279e-05,40695216,.,17:40695216-40695216,A,missense_variant,MODERATE,NAGLU,ENSG00000108784,1293,1192,398,Q/K,Cag/Aag,rs553293896,deleterious(0.01),benign(0.1),8.24E-05,8.28E-05,0.159,neutral(0.413)
40695220GT,40695220,17,.,G,T,G399V,p.Gly399Val,p.Gly399Val,c.1196G>T,missense,8.276e-06,40695220,.,17:40695220-40695220,T,missense_variant,MODERATE,NAGLU,ENSG00000108784,1297,1196,399,G/V,gGc/gTc,rs764610727,deleterious(0),probably_damaging(1),8.24E-06,8.28E-06,0.159,deleterious(0.945)
40695236GC,40695236,17,.,G,C,W404C,p.Trp404Cys,p.Trp404Cys,c.1212G>C,missense,2.482e-05,40695236,.,17:40695236-40695236,C,missense_variant,MODERATE,NAGLU,ENSG00000108784,1313,1212,404,W/C,tgG/tgC,rs777670507,deleterious(0),probably_damaging(1),2.47E-05,2.48E-05,0.159,deleterious(0.945)
40695246CT,40695246,17,.,C,T,H408Y,p.His408Tyr,p.His408Tyr,c.1222C>T,missense,1.655e-05,40695246,.,17:40695246-40695246,T,missense_variant,MODERATE,NAGLU,ENSG00000108784,1323,1222,408,H/Y,Cac/Tac,rs757018169,deleterious(0),probably_damaging(0.992),1.65E-05,1.66E-05,0.159,deleterious(0.892)
40695285GA,40695285,17,.,G,A,E421K,p.Glu421Lys,p.Glu421Lys,c.1261G>A,missense,8.296e-06,40695285,.,17:40695285-40695285,A,missense_variant,MODERATE,NAGLU,ENSG00000108784,1362,1261,421,E/K,Gag/Aag,rs772765165,tolerated(0.08),possibly_damaging(0.513),8.24E-06,8.30E-06,0.159,deleterious(0.472)
40695301GC,40695301,17,.,G,C,G426A,p.Gly426Ala,p.Gly426Ala,c.1277G>C,missense,8.316e-06,40695301,.,17:40695301-40695301,C,missense_variant,MODERATE,NAGLU,ENSG00000108784,1378,1277,426,G/A,gGc/gCc,rs771151036,deleterious(0.01),probably_damaging(0.997),8.24E-06,8.32E-06,0.159,deleterious(0.872)
40695315CT,40695315,17,.,C,T,R431C,p.Arg431Cys,p.Arg431Cys,c.1291C>T,missense,8.342e-06,40695315,.,17:40695315-40695315,T,missense_variant,MODERATE,NAGLU,ENSG00000108784,1392,1291,431,R/C,Cgc/Tgc,rs759041924,deleterious(0),probably_damaging(0.989),8.24E-06,8.34E-06,0.159,deleterious(0.884)
40695328AC,40695328,17,.,A,C,N435T,p.Asn435Thr,p.Asn435Thr,c.1304A>C,missense,8.378e-06,40695328,.,17:40695328-40695328,C,missense_variant,MODERATE,NAGLU,ENSG00000108784,1405,1304,435,N/T,aAc/aCc,rs764815033,deleterious(0),probably_damaging(0.999),8.24E-06,8.38E-06,0.159,deleterious(0.935)
40695334CG,40695334,17,.,C,G,T437S,p.Thr437Ser,p.Thr437Ser,c.1310C>G,missense,6.745e-05,40695334,.,17:40695334-40695334,G,missense_variant,MODERATE,NAGLU,ENSG00000108784,1411,1310,437,T/S,aCc/aGc,"rs762440900,CM020161",tolerated(0.12),possibly_damaging(0.536),6.59E-05,6.75E-05,0.159,neutral(0.442)
40695346CT,40695346,17,rs138695961,C,T,T441M,p.Thr441Met,p.Thr441Met,c.1322C>T,missense,0.0002154,40695346,rs138695961,17:40695346-40695346,T,missense_variant,MODERATE,NAGLU,ENSG00000108784,1423,1322,441,T/M,aCg/aTg,"rs138695961,CM128260",tolerated(0.05),probably_damaging(0.934),2.06E-04,0.0002154,0.159,deleterious(0.726)
40695355CA,40695355,17,.,C,A,A444D,p.Ala444Asp,p.Ala444Asp,c.1331C>A,missense,8.902e-06,40695355,.,17:40695355-40695355,A,missense_variant,MODERATE,NAGLU,ENSG00000108784,1432,1331,444,A/D,gCc/gAc,rs767179184,deleterious(0.01),possibly_damaging(0.826),8.24E-06,8.90E-06,0.159,deleterious(0.719)
40695355CT,40695355,17,.,C,T,A444V,p.Ala444Val,p.Ala444Val,c.1331C>T,missense,6.232e-05,40695355,.,17:40695355-40695355,T,missense_variant,MODERATE,NAGLU,ENSG00000108784,1432,1331,444,A/V,gCc/gTc,rs767179184,tolerated(0.27),benign(0.03),5.77E-05,6.23E-05,0.159,neutral(0.035)
40695357CT,40695357,17,.,C,T,P445S,p.Pro445Ser,p.Pro445Ser,c.1333C>T,missense,1.783e-05,40695357,.,17:40695357-40695357,T,missense_variant,MODERATE,NAGLU,ENSG00000108784,1434,1333,445,P/S,Ccc/Tcc,rs755099500,tolerated(0.09),probably_damaging(0.999),1.65E-05,1.78E-05,0.159,deleterious(0.787)
40695370GA,40695370,17,rs114605439,G,A,S449N,p.Ser449Asn,p.Ser449Asn,c.1346G>A,missense,0.00032089999999999994,40695370,rs114605439,17:40695370-40695370,A,missense_variant,MODERATE,NAGLU,ENSG00000108784,1447,1346,449,S/N,aGc/aAc,rs114605439,tolerated(1),benign(0.004),2.80E-04,0.0003209,0.159,neutral(0.000)
40695384GT,40695384,17,.,G,T,V454F,p.Val454Phe,p.Val454Phe,c.1360G>T,missense,9.952e-06,40695384,.,17:40695384-40695384,T,missense_variant,MODERATE,NAGLU,ENSG00000108784,1461,1360,454,V/F,Gtc/Ttc,rs776800328,deleterious(0),probably_damaging(0.913),8.24E-06,9.95E-06,0.159,deleterious(0.809)
40695388AC,40695388,17,.,A,C,Y455S,p.Tyr455Ser,p.Tyr455Ser,c.1364A>C,missense,1.012e-05,40695388,.,17:40695388-40695388,C,missense_variant,MODERATE,NAGLU,ENSG00000108784,1465,1364,455,Y/S,tAt/tCt,"rs375103824,CM981363",deleterious(0),probably_damaging(0.999),8.24E-06,1.01E-05,0.159,deleterious(0.935)
40695391CT,40695391,17,.,C,T,S456F,p.Ser456Phe,p.Ser456Phe,c.1367C>T,missense,1.027e-05,40695391,.,17:40695391-40695391,T,missense_variant,MODERATE,NAGLU,ENSG00000108784,1468,1367,456,S/F,tCc/tTc,rs775097044,deleterious(0),possibly_damaging(0.637),8.24E-06,1.03E-05,0.159,deleterious(0.667)
40695408GC,40695408,17,.,G,C,G462R,p.Gly462Arg,p.Gly462Arg,c.1384G>C,missense,1.117e-05,40695408,.,17:40695408-40695408,C,missense_variant,MODERATE,NAGLU,ENSG00000108784,1485,1384,462,G/R,Ggc/Cgc,rs763548662,deleterious(0),probably_damaging(0.976),8.24E-06,1.12E-05,0.159,deleterious(0.863)
40695415GA,40695415,17,.,G,A,R464Q,p.Arg464Gln,p.Arg464Gln,c.1391G>A,missense,0.0001508,40695415,.,17:40695415-40695415,A,missense_variant,MODERATE,NAGLU,ENSG00000108784,1492,1391,464,R/Q,cGa/cAa,rs377282648,deleterious(0.03),benign(0.168),1.24E-04,0.0001508,0.159,neutral(0.380)
40695454GC,40695454,17,.,G,C,S477T,p.Ser477Thr,p.Ser477Thr,c.1430G>C,missense,6.523e-05,40695454,.,17:40695454-40695454,C,missense_variant,MODERATE,NAGLU,ENSG00000108784,1531,1430,477,S/T,aGc/aCc,rs369970264,tolerated(0.57),benign(0.232),4.95E-05,6.52E-05,0.159,neutral(0.029)
40695459GA,40695459,17,.,G,A,A479T,p.Ala479Thr,p.Ala479Thr,c.1435G>A,missense,7.987e-05,40695459,.,17:40695459-40695459,A,missense_variant,MODERATE,NAGLU,ENSG00000108784,1536,1435,479,A/T,Gcc/Acc,rs202115696,tolerated(0.1),possibly_damaging(0.838),7.43E-05,7.99E-05,0.159,deleterious(0.607)
40695462GA,40695462,17,rs147293270,G,A,A480T,p.Ala480Thr,p.Ala480Thr,c.1438G>A,missense,0.001086,40695462,rs147293270,17:40695462-40695462,A,missense_variant,MODERATE,NAGLU,ENSG00000108784,1539,1438,480,A/T,Gcc/Acc,rs147293270,tolerated(0.79),benign(0.015),7.51E-04,0.001086,0.159,neutral(0.002)
40695465CT,40695465,17,.,C,T,R481W,p.Arg481Trp,p.Arg481Trp,c.1441C>T,missense,1.338e-05,40695465,.,17:40695465-40695465,T,missense_variant,MODERATE,NAGLU,ENSG00000108784,1542,1441,481,R/W,Cgg/Tgg,rs747529593,deleterious(0),probably_damaging(0.988),8.25E-06,1.34E-05,0.159,deleterious(0.882)
40695487CT,40695487,17,.,C,T,P488L,p.Pro488Leu,p.Pro488Leu,c.1463C>T,missense,1.336e-05,40695487,.,17:40695487-40695487,T,missense_variant,MODERATE,NAGLU,ENSG00000108784,1564,1463,488,P/L,cCg/cTg,rs748902330,tolerated(0.23),benign(0.329),8.25E-06,1.34E-05,0.159,neutral(0.144)
40695492GA,40695492,17,.,G,A,A490T,p.Ala490Thr,p.Ala490Thr,c.1468G>A,missense,1.326e-05,40695492,.,17:40695492-40695492,A,missense_variant,MODERATE,NAGLU,ENSG00000108784,1569,1468,490,A/T,Gca/Aca,rs761373883,tolerated(0.23),benign(0.104),8.25E-06,1.33E-05,0.159,neutral(0.050)
40695496GC,40695496,17,.,G,C,G491A,p.Gly491Ala,p.Gly491Ala,c.1472G>C,missense,1.313e-05,40695496,.,17:40695496-40695496,C,missense_variant,MODERATE,NAGLU,ENSG00000108784,1573,1472,491,G/A,gGg/gCg,rs771970841,tolerated(0.7),benign(0.004),8.25E-06,1.31E-05,0.159,neutral(0.002)
40695502CT,40695502,17,.,C,T,A493V,p.Ala493Val,p.Ala493Val,c.1478C>T,missense,2.611e-05,40695502,.,17:40695502-40695502,T,missense_variant,MODERATE,NAGLU,ENSG00000108784,1579,1478,493,A/V,gCg/gTg,rs773171472,deleterious(0),probably_damaging(1),1.65E-05,2.61E-05,0.159,deleterious(0.945)
40695511TC,40695511,17,.,T,C,L496P,p.Leu496Pro,p.Leu496Pro,c.1487T>C,missense,3.841e-05,40695511,.,17:40695511-40695511,C,missense_variant,MODERATE,NAGLU,ENSG00000108784,1588,1487,496,L/P,cTa/cCa,"rs569519789,CD053588",deleterious(0.03),probably_damaging(0.994),2.47E-05,3.84E-05,0.159,deleterious(0.817)
40695519CT,40695519,17,.,C,T,R499W,p.Arg499Trp,p.Arg499Trp,c.1495C>T,missense,6.336e-05,40695519,.,17:40695519-40695519,T,missense_variant,MODERATE,NAGLU,ENSG00000108784,1596,1495,499,R/W,Cgg/Tgg,rs200981229,deleterious(0),probably_damaging(0.932),4.95E-05,6.34E-05,0.159,deleterious(0.823)
40695520GA,40695520,17,.,G,A,R499Q,p.Arg499Gln,p.Arg499Gln,c.1496G>A,missense,3.785e-05,40695520,.,17:40695520-40695520,A,missense_variant,MODERATE,NAGLU,ENSG00000108784,1597,1496,499,R/Q,cGg/cAg,rs368183484,tolerated(0.18),benign(0.037),2.47E-05,3.79E-05,0.159,neutral(0.058)
40695532AG,40695532,17,.,A,G,N503S,p.Asn503Ser,p.Asn503Ser,c.1508A>G,missense,1.221e-05,40695532,.,17:40695532-40695532,G,missense_variant,MODERATE,NAGLU,ENSG00000108784,1609,1508,503,N/S,aAc/aGc,rs757325483,deleterious(0.02),probably_damaging(0.996),8.24E-06,1.22E-05,0.159,deleterious(0.845)
40695541GA,40695541,17,.,G,A,G506E,p.Gly506Glu,p.Gly506Glu,c.1517G>A,missense,2.377e-05,40695541,.,17:40695541-40695541,A,missense_variant,MODERATE,NAGLU,ENSG00000108784,1618,1517,506,G/E,gGg/gAg,rs780331968,deleterious(0.05),possibly_damaging(0.732),1.65E-05,2.38E-05,0.159,deleterious(0.613)
40695550GA,40695550,17,.,G,A,C509Y,p.Cys509Tyr,p.Cys509Tyr,c.1526G>A,missense,1.15e-05,40695550,.,17:40695550-40695550,A,missense_variant,MODERATE,NAGLU,ENSG00000108784,1627,1526,509,C/Y,tGc/tAc,rs372781575,tolerated(1),benign(0.02),8.24E-06,1.15E-05,0.159,neutral(0.001)
40695562AG,40695562,17,.,A,G,N513S,p.Asn513Ser,p.Asn513Ser,c.1538A>G,missense,1.098e-05,40695562,.,17:40695562-40695562,G,missense_variant,MODERATE,NAGLU,ENSG00000108784,1639,1538,513,N/S,aAt/aGt,rs200465065,deleterious(0.01),probably_damaging(0.98),8.24E-06,1.10E-05,0.159,deleterious(0.830)
40695564CT,40695564,17,.,C,T,R514C,p.Arg514Cys,p.Arg514Cys,c.1540C>T,missense,2.187e-05,40695564,.,17:40695564-40695564,T,missense_variant,MODERATE,NAGLU,ENSG00000108784,1641,1540,514,R/C,Cgt/Tgt,"rs747653638,COSM4634196",deleterious(0.01),possibly_damaging(0.901),1.65E-05,2.19E-05,0.159,deleterious(0.762)
40695565GA,40695565,17,.,G,A,R514H,p.Arg514His,p.Arg514His,c.1541G>A,missense,6.521e-05,40695565,.,17:40695565-40695565,A,missense_variant,MODERATE,NAGLU,ENSG00000108784,1642,1541,514,R/H,cGt/cAt,rs771560656,tolerated(0.5),benign(0.006),4.95E-05,6.52E-05,0.159,neutral(0.010)
40695589CT,40695589,17,.,C,T,S522F,p.Ser522Phe,p.Ser522Phe,c.1565C>T,missense,9.353e-06,40695589,.,17:40695589-40695589,T,missense_variant,MODERATE,NAGLU,ENSG00000108784,1666,1565,522,S/F,tCc/tTc,rs764446533,deleterious(0),probably_damaging(0.997),8.25E-06,9.35E-06,0.159,deleterious(0.911)
40695595AG,40695595,17,.,A,G,Q524R,p.Gln524Arg,p.Gln524Arg,c.1571A>G,missense,2.734e-05,40695595,.,17:40695595-40695595,G,missense_variant,MODERATE,NAGLU,ENSG00000108784,1672,1571,524,Q/R,cAg/cGg,rs751779361,tolerated(0.6),benign(0.004),2.47E-05,2.73E-05,0.159,neutral(0.004)
40695622GA,40695622,17,.,G,A,R533Q,p.Arg533Gln,p.Arg533Gln,c.1598G>A,missense,8.755e-06,40695622,.,17:40695622-40695622,A,missense_variant,MODERATE,NAGLU,ENSG00000108784,1699,1598,533,R/Q,cGa/cAa,rs767597884,tolerated(0.66),benign(0.025),8.25E-06,8.76E-06,0.159,neutral(0.004)
40695630GA,40695630,17,.,G,A,V536M,p.Val536Met,p.Val536Met,c.1606G>A,missense,8.715e-06,40695630,.,17:40695630-40695630,A,missense_variant,MODERATE,NAGLU,ENSG00000108784,1707,1606,536,V/M,Gtg/Atg,rs553158830,deleterious(0.01),probably_damaging(0.995),8.25E-06,8.72E-06,0.159,deleterious(0.863)
40695646GA,40695646,17,.,G,A,R541Q,p.Arg541Gln,p.Arg541Gln,c.1622G>A,missense,8.718999999999999e-06,40695646,.,17:40695646-40695646,A,missense_variant,MODERATE,NAGLU,ENSG00000108784,1723,1622,541,R/Q,cGg/cAg,rs376300258,tolerated(0.29),benign(0.087),8.25E-06,8.72E-06,0.159,neutral(0.036)
40695649TC,40695649,17,.,T,C,L542P,p.Leu542Pro,p.Leu542Pro,c.1625T>C,missense,8.722e-06,40695649,.,17:40695649-40695649,C,missense_variant,MODERATE,NAGLU,ENSG00000108784,1726,1625,542,L/P,cTg/cCg,rs747795439,deleterious(0.02),probably_damaging(0.981),8.25E-06,8.72E-06,0.159,deleterious(0.808)
40695649TG,40695649,17,.,T,G,L542R,p.Leu542Arg,p.Leu542Arg,c.1625T>G,missense,8.722e-06,40695649,.,17:40695649-40695649,G,missense_variant,MODERATE,NAGLU,ENSG00000108784,1726,1625,542,L/R,cTg/cGg,rs747795439,tolerated(0.06),benign(0.367),8.25E-06,8.72E-06,0.159,neutral(0.439)
40695663GA,40695663,17,.,G,A,A547T,p.Ala547Thr,p.Ala547Thr,c.1639G>A,missense,8.752e-06,40695663,.,17:40695663-40695663,A,missense_variant,MODERATE,NAGLU,ENSG00000108784,1740,1639,547,A/T,Gct/Act,"rs746486630,COSM3378199",tolerated(0.38),benign(0.068),1.65E-05,8.75E-06,0.159,neutral(0.022)
40695687GA,40695687,17,.,G,A,A555T,p.Ala555Thr,p.Ala555Thr,c.1663G>A,missense,0.000139,40695687,.,17:40695687-40695687,A,missense_variant,MODERATE,NAGLU,ENSG00000108784,1764,1663,555,A/T,Gcc/Acc,rs745703132,tolerated(1),benign(0.01),1.32E-04,0.000139,0.159,neutral(0.001)
40695693CT,40695693,17,.,C,T,R557C,p.Arg557Cys,p.Arg557Cys,c.1669C>T,missense,8.676e-06,40695693,.,17:40695693-40695693,T,missense_variant,MODERATE,NAGLU,ENSG00000108784,1770,1669,557,R/C,Cgc/Tgc,rs771684042,deleterious(0.02),benign(0.173),8.24E-06,8.68E-06,0.159,neutral(0.399)
40695694GT,40695694,17,.,G,T,R557L,p.Arg557Leu,p.Arg557Leu,c.1670G>T,missense,1.735e-05,40695694,.,17:40695694-40695694,T,missense_variant,MODERATE,NAGLU,ENSG00000108784,1771,1670,557,R/L,cGc/cTc,rs774472259,tolerated(0.13),benign(0.089),1.65E-05,1.74E-05,0.159,neutral(0.259)
40695699GA,40695699,17,.,G,A,D559N,p.Asp559Asn,p.Asp559Asn,c.1675G>A,missense,1.734e-05,40695699,.,17:40695699-40695699,A,missense_variant,MODERATE,NAGLU,ENSG00000108784,1776,1675,559,D/N,Gac/Aac,rs767510451,deleterious(0.01),probably_damaging(0.992),1.65E-05,1.73E-05,0.159,deleterious(0.853)
40695699GC,40695699,17,.,G,C,D559H,p.Asp559His,p.Asp559His,c.1675G>C,missense,8.672000000000001e-06,40695699,.,17:40695699-40695699,C,missense_variant,MODERATE,NAGLU,ENSG00000108784,1776,1675,559,D/H,Gac/Cac,rs767510451,deleterious(0),probably_damaging(0.998),8.24E-06,8.67E-06,0.159,deleterious(0.919)
40695712TA,40695712,17,.,T,A,L563H,p.Leu563His,p.Leu563His,c.1688T>A,missense,1.735e-05,40695712,.,17:40695712-40695712,A,missense_variant,MODERATE,NAGLU,ENSG00000108784,1789,1688,563,L/H,cTc/cAc,rs754322727,deleterious(0),probably_damaging(0.928),1.65E-05,1.74E-05,0.159,deleterious(0.820)
40695727TG,40695727,17,.,T,G,V568G,p.Val568Gly,p.Val568Gly,c.1703T>G,missense,6.096e-05,40695727,.,17:40695727-40695727,G,missense_variant,MODERATE,NAGLU,ENSG00000108784,1804,1703,568,V/G,gTg/gGg,rs777283283,deleterious(0),benign(0.315),5.77E-05,6.10E-05,0.159,deleterious(0.543)
40695741AG,40695741,17,.,A,G,S573G,p.Ser573Gly,p.Ser573Gly,c.1717A>G,missense,1.753e-05,40695741,.,17:40695741-40695741,G,missense_variant,MODERATE,NAGLU,ENSG00000108784,1818,1717,573,S/G,Agc/Ggc,rs369131160,tolerated(0.28),benign(0.02),1.65E-05,1.75E-05,0.159,neutral(0.033)
40695748AG,40695748,17,.,A,G,Y575C,p.Tyr575Cys,p.Tyr575Cys,c.1724A>G,missense,8.834e-06,40695748,.,17:40695748-40695748,G,missense_variant,MODERATE,NAGLU,ENSG00000108784,1825,1724,575,Y/C,tAc/tGc,rs756802151,deleterious(0.05),benign(0.078),8.24E-06,8.83E-06,0.159,neutral(0.351)
40695807GA,40695807,17,.,G,A,G595R,p.Gly595Arg,p.Gly595Arg,c.1783G>A,missense,3.204e-05,40695807,.,17:40695807-40695807,A,missense_variant,MODERATE,NAGLU,ENSG00000108784,1884,1783,595,G/R,Gga/Aga,rs773277748,deleterious(0.03),probably_damaging(0.982),2.47E-05,3.20E-05,0.159,deleterious(0.791)
40695810GT,40695810,17,.,G,T,G596C,p.Gly596Cys,p.Gly596Cys,c.1786G>T,missense,1.085e-05,40695810,.,17:40695810-40695810,T,missense_variant,MODERATE,NAGLU,ENSG00000108784,1887,1786,596,G/C,Ggc/Tgc,rs772901588,deleterious(0),probably_damaging(0.999),8.24E-06,1.09E-05,0.159,deleterious(0.935)
40695813GA,40695813,17,rs143303303,G,A,V597I,p.Val597Ile,p.Val597Ile,c.1789G>A,missense,9.916e-05,40695813,rs143303303,17:40695813-40695813,A,missense_variant,MODERATE,NAGLU,ENSG00000108784,1890,1789,597,V/I,Gtc/Atc,rs759978970,tolerated(0.73),benign(0.021),7.42E-05,9.92E-05,0.159,neutral(0.003)
40695813GC,40695813,17,rs143303303,G,C,V597L,p.Val597Leu,p.Val597Leu,c.1789G>C,missense,1.102e-05,40695813,rs143303303,17:40695813-40695813,C,missense_variant,MODERATE,NAGLU,ENSG00000108784,1890,1789,597,V/L,Gtc/Ctc,rs759978970,tolerated(0.65),benign(0.037),8.24E-06,1.10E-05,0.159,neutral(0.005)
40695846GA,40695846,17,.,G,A,E608K,p.Glu608Lys,p.Glu608Lys,c.1822G>A,missense,1.283e-05,40695846,.,17:40695846-40695846,A,missense_variant,MODERATE,NAGLU,ENSG00000108784,1923,1822,608,E/K,Gag/Aag,rs756138287,tolerated(0.88),benign(0.009),8.25E-06,1.28E-05,0.159,neutral(0.001)
40695867CT,40695867,17,.,C,T,R615C,p.Arg615Cys,p.Arg615Cys,c.1843C>T,missense,9.734e-05,40695867,.,17:40695867-40695867,T,missense_variant,MODERATE,NAGLU,ENSG00000108784,1944,1843,615,R/C,Cgc/Tgc,rs199729746,deleterious(0.02),possibly_damaging(0.901),5.78E-05,9.73E-05,0.159,deleterious(0.740)
40695882AG,40695882,17,.,A,G,S620G,p.Ser620Gly,p.Ser620Gly,c.1858A>G,missense,1.381e-05,40695882,.,17:40695882-40695882,G,missense_variant,MODERATE,NAGLU,ENSG00000108784,1959,1858,620,S/G,Agc/Ggc,rs777994015,tolerated(0.37),benign(0.013),8.25E-06,1.38E-05,0.159,neutral(0.019)
40695900CG,40695900,17,rs104894591,C,G,R626G,p.Arg626Gly,p.Arg626Gly,c.1876C>G,missense,1.368e-05,40695900,rs104894591,17:40695900-40695900,G,missense_variant,MODERATE,NAGLU,ENSG00000108784,1977,1876,626,R/G,Cga/Gga,"rs104894591,CM950831",deleterious(0),possibly_damaging(0.734),8.25E-06,1.37E-05,0.159,deleterious(0.713)
40695901GA,40695901,17,.,G,A,R626Q,p.Arg626Gln,p.Arg626Gln,c.1877G>A,missense,6.808e-05,40695901,.,17:40695901-40695901,A,missense_variant,MODERATE,NAGLU,ENSG00000108784,1978,1877,626,R/Q,cGa/cAa,rs376545731,tolerated(0.08),benign(0.212),4.13E-05,6.81E-05,0.159,neutral(0.321)
40695904CT,40695904,17,rs140905880,C,T,A627V,p.Ala627Val,p.Ala627Val,c.1880C>T,missense,5.435e-05,40695904,rs140905880,17:40695904-40695904,T,missense_variant,MODERATE,NAGLU,ENSG00000108784,1981,1880,627,A/V,gCa/gTa,rs140905880,tolerated(0.2),benign(0.049),4.13E-05,5.44E-05,0.159,neutral(0.052)
40695907CT,40695907,17,.,C,T,A628V,p.Ala628Val,p.Ala628Val,c.1883C>T,missense,2.709e-05,40695907,.,17:40695907-40695907,T,missense_variant,MODERATE,NAGLU,ENSG00000108784,1984,1883,628,A/V,gCg/gTg,rs535336259,tolerated(0.45),benign(0.004),1.65E-05,2.71E-05,0.159,neutral(0.012)
40695912GA,40695912,17,.,G,A,V630I,p.Val630Ile,p.Val630Ile,c.1888G>A,missense,1.334e-05,40695912,.,17:40695912-40695912,A,missense_variant,MODERATE,NAGLU,ENSG00000108784,1989,1888,630,V/I,Gtc/Atc,rs764322586,tolerated(0.11),benign(0.013),8.25E-06,1.33E-05,0.159,neutral(0.272)
40695913TG,40695913,17,.,T,G,V630G,p.Val630Gly,p.Val630Gly,c.1889T>G,missense,6.670000000000001e-05,40695913,.,17:40695913-40695913,G,missense_variant,MODERATE,NAGLU,ENSG00000108784,1990,1889,630,V/G,gTc/gGc,rs751264692,tolerated(0.17),benign(0.232),4.13E-05,6.67E-05,0.159,neutral(0.082)
40695922CG,40695922,17,rs74729489,C,G,A633G,p.Ala633Gly,p.Ala633Gly,c.1898C>G,missense,1.327e-05,40695922,rs74729489,17:40695922-40695922,G,missense_variant,MODERATE,NAGLU,ENSG00000108784,1999,1898,633,A/G,gCc/gGc,-,tolerated(0.37),benign(0.022),-,-,0.159,neutral(0.020)
40695930GA,40695930,17,.,G,A,D636N,p.Asp636Asn,p.Asp636Asn,c.1906G>A,missense,6.555e-05,40695930,.,17:40695930-40695930,A,missense_variant,MODERATE,NAGLU,ENSG00000108784,2007,1906,636,D/N,Gat/Aat,rs375068243,tolerated(0.43),benign(0.009),4.95E-05,6.56E-05,0.159,neutral(0.014)
40695943AG,40695943,17,.,A,G,Q640R,p.Gln640Arg,p.Gln640Arg,c.1919A>G,missense,1.276e-05,40695943,.,17:40695943-40695943,G,missense_variant,MODERATE,NAGLU,ENSG00000108784,2020,1919,640,Q/R,cAg/cGg,rs754833974,tolerated(0.35),benign(0.008),8.25E-06,1.28E-05,0.159,neutral(0.021)
40695958AC,40695958,17,.,A,C,Q645P,p.Gln645Pro,p.Gln645Pro,c.1934A>C,missense,1.193e-05,40695958,.,17:40695958-40695958,C,missense_variant,MODERATE,NAGLU,ENSG00000108784,2035,1934,645,Q/P,cAg/cCg,rs747924769,deleterious(0),probably_damaging(1),8.24E-06,1.19E-05,0.159,deleterious(0.945)
40695970GC,40695970,17,.,G,C,W649S,p.Trp649Ser,p.Trp649Ser,c.1946G>C,missense,1.166e-05,40695970,.,17:40695970-40695970,C,missense_variant,MODERATE,NAGLU,ENSG00000108784,2047,1946,649,W/S,tGg/tCg,rs527236038,deleterious(0),probably_damaging(1),8.24E-06,1.17E-05,0.159,deleterious(0.945)
40696041CT,40696041,17,.,C,T,P673S,p.Pro673Ser,p.Pro673Ser,c.2017C>T,missense,1.028e-05,40696041,.,17:40696041-40696041,T,missense_variant,MODERATE,NAGLU,ENSG00000108784,2118,2017,673,P/S,Cct/Tct,rs776091678,deleterious(0.01),probably_damaging(0.911),8.24E-06,1.03E-05,0.159,deleterious(0.768)
40696050CT,40696050,17,.,C,T,R676W,p.Arg676Trp,p.Arg676Trp,c.2026C>T,missense,1.004e-05,40696050,.,17:40696050-40696050,T,missense_variant,MODERATE,NAGLU,ENSG00000108784,2127,2026,676,R/W,Cgg/Tgg,rs774918711,deleterious(0.01),possibly_damaging(0.849),8.24E-06,1.00E-05,0.159,deleterious(0.732)
40696066CT,40696066,17,.,C,T,A681V,p.Ala681Val,p.Ala681Val,c.2042C>T,missense,9.461e-06,40696066,.,17:40696066-40696066,T,missense_variant,MODERATE,NAGLU,ENSG00000108784,2143,2042,681,A/V,gCg/gTg,"rs540744217,COSM4646548",tolerated(0.48),benign(0.014),8.24E-06,9.46E-06,0.159,neutral(0.011)
40696081TC,40696081,17,.,T,C,V686A,p.Val686Ala,p.Val686Ala,c.2057T>C,missense,8.902e-06,40696081,.,17:40696081-40696081,C,missense_variant,MODERATE,NAGLU,ENSG00000108784,2158,2057,686,V/A,gTg/gCg,rs760257524,deleterious(0),benign(0.3),8.24E-06,8.90E-06,0.159,deleterious(0.537)
40696087AG,40696087,17,.,A,G,Q688R,p.Gln688Arg,p.Gln688Arg,c.2063A>G,missense,8.762e-06,40696087,.,17:40696087-40696087,G,missense_variant,MODERATE,NAGLU,ENSG00000108784,2164,2063,688,Q/R,cAg/cGg,rs765769128,tolerated(0.65),benign(0.004),8.24E-06,8.76E-06,0.159,neutral(0.003)
40696107CT,40696107,17,rs146582131,C,T,H695Y,p.His695Tyr,p.His695Tyr,c.2083C>T,missense,8.466e-06,40696107,rs146582131,17:40696107-40696107,T,missense_variant,MODERATE,NAGLU,ENSG00000108784,2184,2083,695,H/Y,Cac/Tac,rs146582131,tolerated(0.06),possibly_damaging(0.53),8.24E-06,8.47E-06,0.159,deleterious(0.502)
40696133AC,40696133,17,.,A,C,Q703H,p.Gln703His,p.Gln703His,c.2109A>C,missense,8.307999999999999e-06,40696133,.,17:40696133-40696133,C,missense_variant,MODERATE,NAGLU,ENSG00000108784,2210,2109,703,Q/H,caA/caC,rs754927686,tolerated(0.06),possibly_damaging(0.852),8.24E-06,8.31E-06,0.159,deleterious(0.650)
40696149GA,40696149,17,.,G,A,V709I,p.Val709Ile,p.Val709Ile,c.2125G>A,missense,8.281e-05,40696149,.,17:40696149-40696149,A,missense_variant,MODERATE,NAGLU,ENSG00000108784,2226,2125,709,V/I,Gtt/Att,"rs781410675,COSM5364068",tolerated(0.43),benign(0.032),8.24E-05,8.28E-05,0.159,neutral(0.015)
40696152CG,40696152,17,.,C,G,L710V,p.Leu710Val,p.Leu710Val,c.2128C>G,missense,8.277e-06,40696152,.,17:40696152-40696152,G,missense_variant,MODERATE,NAGLU,ENSG00000108784,2229,2128,710,L/V,Ctc/Gtc,"rs371348286,COSM4883456",tolerated(0.4),benign(0.152),8.24E-06,8.28E-06,0.159,neutral(0.029)
40696165GT,40696165,17,.,G,T,R714M,p.Arg714Met,p.Arg714Met,c.2141G>T,missense,8.273e-06,40696165,.,17:40696165-40696165,T,missense_variant,MODERATE,NAGLU,ENSG00000108784,2242,2141,714,R/M,aGg/aTg,rs756220141,tolerated(0.26),possibly_damaging(0.863),8.24E-06,8.27E-06,0.159,neutral(0.368)
40696178GC,40696178,17,.,G,C,Q718H,p.Gln718His,p.Gln718His,c.2154G>C,missense,8.275e-06,40696178,.,17:40696178-40696178,C,missense_variant,MODERATE,NAGLU,ENSG00000108784,2255,2154,718,Q/H,caG/caC,rs749377249,tolerated(0.09),benign(0.014),8.24E-06,8.28E-06,0.159,neutral(0.297)
40696183GA,40696183,17,.,G,A,R720Q,p.Arg720Gln,p.Arg720Gln,c.2159G>A,missense,1.655e-05,40696183,.,17:40696183-40696183,A,missense_variant,MODERATE,NAGLU,ENSG00000108784,2260,2159,720,R/Q,cGa/cAa,rs774971794,tolerated(0.77),benign(0.007),1.65E-05,1.66E-05,0.159,neutral(0.001)
40696188GA,40696188,17,.,G,A,D722N,p.Asp722Asn,p.Asp722Asn,c.2164G>A,missense,0.00019869999999999998,40696188,.,17:40696188-40696188,A,missense_variant,MODERATE,NAGLU,ENSG00000108784,2265,2164,722,D/N,Gac/Aac,rs367726645,tolerated(0.05),benign(0.436),1.98E-04,0.0001987,0.159,deleterious(0.487)
40696209AC,40696209,17,rs144807822,A,C,K729Q,p.Lys729Gln,p.Lys729Gln,c.2185A>C,missense,5.803e-05,40696209,rs144807822,17:40696209-40696209,C,missense_variant,MODERATE,NAGLU,ENSG00000108784,2286,2185,729,K/Q,Aag/Cag,rs144807822,tolerated(0.11),benign(0.314),5.77E-05,5.80E-05,0.159,neutral(0.370)
40696210AG,40696210,17,.,A,G,K729R,p.Lys729Arg,p.Lys729Arg,c.2186A>G,missense,8.29e-06,40696210,.,17:40696210-40696210,G,missense_variant,MODERATE,NAGLU,ENSG00000108784,2287,2186,729,K/R,aAg/aGg,"rs772950949,CD003099",tolerated(0.55),benign(0.02),8.24E-06,8.29E-06,0.159,neutral(0.008)
40696215TG,40696215,17,.,T,G,F731V,p.Phe731Val,p.Phe731Val,c.2191T>G,missense,1.659e-05,40696215,.,17:40696215-40696215,G,missense_variant,MODERATE,NAGLU,ENSG00000108784,2292,2191,731,F/V,Ttc/Gtc,rs760180817,deleterious(0.01),probably_damaging(0.975),1.65E-05,1.66E-05,0.159,deleterious(0.823)
40696231CT,40696231,17,.,C,T,P736L,p.Pro736Leu,p.Pro736Leu,c.2207C>T,missense,8.311e-06,40696231,.,17:40696231-40696231,T,missense_variant,MODERATE,NAGLU,ENSG00000108784,2308,2207,736,P/L,cCc/cTc,rs776069611,deleterious(0),probably_damaging(0.945),8.24E-06,8.31E-06,0.159,deleterious(0.834)
40696233CA,40696233,17,rs86312,C,A,R737S,p.Arg737Ser,p.Arg737Ser,c.2209C>A,missense,0.01924,40696233,rs86312,17:40696233-40696233,A,missense_variant,MODERATE,NAGLU,ENSG00000108784,2310,2209,737,R/S,Cgc/Agc,rs86312,deleterious(0.04),benign(0.097),0.019,0.01924,0.159,neutral(0.356)
40696233CG,40696233,17,rs86312,C,G,R737G,p.Arg737Gly,p.Arg737Gly,c.2209C>G,missense,0.9055,40696233,rs86312,17:40696233-40696233,G,missense_variant,MODERATE,NAGLU,ENSG00000108784,2310,2209,737,R/G,Cgc/Ggc,rs86312,deleterious(0.03),benign(0.188),0.905,0.9055,0.159,neutral(0.382)
40696233CT,40696233,17,rs86312,C,T,R737C,p.Arg737Cys,p.Arg737Cys,c.2209C>T,missense,8.309e-06,40696233,rs86312,17:40696233-40696233,T,missense_variant,MODERATE,NAGLU,ENSG00000108784,2310,2209,737,R/C,Cgc/Tgc,rs86312,deleterious(0.01),possibly_damaging(0.634),8.24E-06,8.31E-06,0.159,deleterious(0.628)
40696234GA,40696234,17,.,G,A,R737H,p.Arg737His,p.Arg737His,c.2210G>A,missense,8.432e-06,40696234,.,17:40696234-40696234,A,missense_variant,MODERATE,NAGLU,ENSG00000108784,2311,2210,737,R/H,cGc/cAc,rs373898536,tolerated(0.17),benign(0.007),8.24E-06,8.43E-06,0.159,neutral(0.059)
40696242GC,40696242,17,.,G,C,A740P,p.Ala740Pro,p.Ala740Pro,c.2218G>C,missense,5.927e-05,40696242,.,17:40696242-40696242,C,missense_variant,MODERATE,NAGLU,ENSG00000108784,2319,2218,740,A/P,Gcc/Ccc,rs750668298,deleterious_low_confidence(0.01),possibly_damaging(0.703),5.77E-05,5.93E-05,0.159,deleterious(0.658)
40696245GA,40696245,17,.,G,A,G741S,p.Gly741Ser,p.Gly741Ser,c.2221G>A,missense,2.543e-05,40696245,.,17:40696245-40696245,A,missense_variant,MODERATE,NAGLU,ENSG00000108784,2322,2221,741,G/S,Ggc/Agc,rs553153753,deleterious_low_confidence(0.04),possibly_damaging(0.759),2.47E-05,2.54E-05,0.159,deleterious(0.630)
